SFAM,HP_k35_queries,HP_k35_fam_rate,HP_k36_queries,HP_k36_fam_rate,FoldSeek_queries,FoldSeek_fam_rate,TEA_queries,TEA_fam_rate
0.0,87,0.0,39,0.0,292,0.7294520547945206,523,0.4894837476099426
0.00806452,0,0.0,0,0.0,1,1.0,1,1.0
0.00869565,0,0.0,0,0.0,1,0.0,0,0.0
0.00900901,0,0.0,0,0.0,2,1.0,0,0.0
0.00925926,0,0.0,0,0.0,1,0.0,3,0.6666666666666666
0.010989,0,0.0,0,0.0,5,1.0,2,0.0
0.011236,0,0.0,0,0.0,2,0.5,3,1.0
0.0114943,0,0.0,0,0.0,6,1.0,5,0.8
0.0123457,0,0.0,0,0.0,5,1.0,8,1.0
0.0128205,0,0.0,0,0.0,1,1.0,1,0.0
0.0160643,0,0.0,0,0.0,1,1.0,0,0.0
0.0168539,0,0.0,0,0.0,1,1.0,1,1.0
0.0172414,0,0.0,0,0.0,2,1.0,1,1.0
0.0178571,0,0.0,0,0.0,2,0.5,0,0.0
0.0181818,0,0.0,0,0.0,1,1.0,1,0.0
0.0185185,0,0.0,0,0.0,1,1.0,2,1.0
0.0188679,0,0.0,0,0.0,1,0.0,1,1.0
0.0196078,0,0.0,0,0.0,2,1.0,1,1.0
0.02,0,0.0,0,0.0,1,1.0,0,0.0
0.0204082,0,0.0,0,0.0,1,0.0,0,0.0
0.0212766,0,0.0,0,0.0,4,1.0,2,1.0
0.0217391,0,0.0,0,0.0,2,1.0,0,0.0
0.0222222,0,0.0,0,0.0,3,1.0,0,0.0
0.0227273,0,0.0,0,0.0,2,1.0,2,1.0
0.0229885,0,0.0,0,0.0,3,1.0,3,1.0
0.0234375,0,0.0,0,0.0,1,1.0,0,0.0
0.023622,0,0.0,0,0.0,1,1.0,0,0.0
0.0243902,0,0.0,0,0.0,2,0.5,1,1.0
0.0246914,0,0.0,0,0.0,6,1.0,20,1.0
0.025,0,0.0,0,0.0,1,1.0,2,1.0
0.0267857,0,0.0,0,0.0,1,1.0,0,0.0
0.0272727,0,0.0,0,0.0,1,1.0,1,1.0
0.0277778,0,0.0,0,0.0,2,0.5,1,1.0
0.0280899,0,0.0,0,0.0,2,1.0,1,1.0
0.0285714,0,0.0,0,0.0,3,0.6666666666666666,13,1.0
0.0294118,0,0.0,0,0.0,1,1.0,0,0.0
0.029703,0,0.0,0,0.0,1,0.0,0,0.0
0.0300752,0,0.0,0,0.0,1,1.0,0,0.0
0.0309278,0,0.0,0,0.0,1,1.0,0,0.0
0.03125,0,0.0,0,0.0,1,0.0,1,1.0
0.0322581,0,0.0,0,0.0,3,0.3333333333333333,0,0.0
0.0333333,0,0.0,0,0.0,5,1.0,4,0.5
0.0338983,0,0.0,0,0.0,1,1.0,1,1.0
0.0344828,0,0.0,0,0.0,4,0.75,11,1.0
0.0357143,0,0.0,0,0.0,1,1.0,0,0.0
0.0358566,0,0.0,0,0.0,1,0.0,0,0.0
0.0363636,0,0.0,0,0.0,1,1.0,0,0.0
0.037037,0,0.0,0,0.0,10,1.0,5,0.8
0.0377358,0,0.0,0,0.0,1,1.0,2,0.0
0.0384615,0,0.0,0,0.0,2,1.0,4,0.75
0.04,0,0.0,0,0.0,2,1.0,0,0.0
0.0403226,0,0.0,0,0.0,1,1.0,1,1.0
0.040404,0,0.0,0,0.0,2,1.0,0,0.0
0.0408163,0,0.0,0,0.0,1,1.0,4,1.0
0.042328,0,0.0,0,0.0,1,1.0,0,0.0
0.0425532,0,0.0,0,0.0,2,0.5,4,0.5
0.0434783,0,0.0,0,0.0,6,1.0,9,0.8888888888888888
0.0438247,0,0.0,0,0.0,1,0.0,1,0.0
0.043956,0,0.0,0,0.0,2,0.5,2,1.0
0.0444444,0,0.0,0,0.0,2,1.0,7,1.0
0.0447761,0,0.0,0,0.0,1,1.0,0,0.0
0.0449438,0,0.0,0,0.0,1,1.0,1,0.0
0.0451128,0,0.0,0,0.0,1,1.0,0,0.0
0.0454545,0,0.0,0,0.0,4,0.75,6,1.0
0.045977,0,0.0,0,0.0,1,1.0,10,1.0
0.0465116,0,0.0,0,0.0,2,1.0,6,1.0
0.0469484,0,0.0,0,0.0,1,1.0,0,0.0
0.047619,0,0.0,0,0.0,3,0.6666666666666666,2,1.0
0.0478088,0,0.0,0,0.0,1,1.0,0,0.0
0.0487805,0,0.0,0,0.0,2,1.0,2,1.0
0.0490196,0,0.0,0,0.0,1,1.0,0,0.0
0.0493827,0,0.0,0,0.0,5,1.0,0,0.0
0.05,0,0.0,0,0.0,5,0.8,9,0.7777777777777778
0.0505051,0,0.0,0,0.0,1,1.0,1,1.0
0.0508475,0,0.0,0,0.0,1,1.0,2,0.5
0.0520833,0,0.0,0,0.0,1,1.0,0,0.0
0.0526316,0,0.0,0,0.0,7,0.8571428571428571,10,0.9
0.0545455,0,0.0,0,0.0,1,0.0,1,1.0
0.0549451,0,0.0,0,0.0,1,1.0,0,0.0
0.0555556,0,0.0,0,0.0,3,1.0,3,1.0
0.056,0,0.0,0,0.0,1,1.0,0,0.0
0.0561798,0,0.0,0,0.0,1,1.0,1,1.0
0.0566038,0,0.0,0,0.0,1,1.0,0,0.0
0.0568182,0,0.0,0,0.0,1,1.0,0,0.0
0.0571429,0,0.0,0,0.0,2,1.0,4,0.75
0.0574713,0,0.0,0,0.0,1,1.0,5,1.0
0.0578512,0,0.0,0,0.0,1,1.0,0,0.0
0.0588235,0,0.0,0,0.0,4,1.0,4,1.0
0.0612245,0,0.0,0,0.0,1,0.0,0,0.0
0.0617284,0,0.0,0,0.0,2,1.0,0,0.0
0.0625,0,0.0,0,0.0,7,0.7142857142857143,6,0.8333333333333334
0.0631579,0,0.0,0,0.0,1,1.0,1,1.0
0.0638298,0,0.0,0,0.0,3,1.0,0,0.0
0.0641026,0,0.0,0,0.0,1,1.0,0,0.0
0.0645161,0,0.0,0,0.0,2,1.0,0,0.0
0.0648148,0,0.0,0,0.0,1,1.0,0,0.0
0.0666667,0,0.0,0,0.0,6,0.8333333333333334,6,0.8333333333333334
0.0676692,0,0.0,0,0.0,1,1.0,0,0.0
0.0677966,0,0.0,0,0.0,1,1.0,2,1.0
0.0682731,0,0.0,0,0.0,1,1.0,0,0.0
0.0689655,0,0.0,0,0.0,1,1.0,2,1.0
0.0697674,0,0.0,0,0.0,4,1.0,1,1.0
0.0705882,0,0.0,0,0.0,1,1.0,0,0.0
0.0707071,0,0.0,0,0.0,1,1.0,3,0.6666666666666666
0.0707547,0,0.0,0,0.0,1,1.0,1,1.0
0.0714286,0,0.0,0,0.0,5,0.6,5,0.8
0.072,0,0.0,0,0.0,1,1.0,0,0.0
0.0727273,0,0.0,0,0.0,1,1.0,0,0.0
0.0729167,0,0.0,0,0.0,1,1.0,0,0.0
0.0731707,0,0.0,0,0.0,4,1.0,0,0.0
0.0740741,0,0.0,0,0.0,2,1.0,0,0.0
0.0744681,0,0.0,0,0.0,2,1.0,1,0.0
0.075,0,0.0,0,0.0,2,1.0,0,0.0
0.0756972,0,0.0,0,0.0,1,0.0,0,0.0
0.0763052,0,0.0,0,0.0,1,1.0,0,0.0
0.0769231,0,0.0,0,0.0,10,1.0,4,1.0
0.078125,0,0.0,0,0.0,2,1.0,3,0.6666666666666666
0.0793651,0,0.0,0,0.0,1,1.0,0,0.0
0.08,0,0.0,0,0.0,2,1.0,4,0.75
0.0820896,0,0.0,0,0.0,1,1.0,0,0.0
0.0833333,0,0.0,0,0.0,2,0.5,9,1.0
0.0843373,0,0.0,0,0.0,1,1.0,2,1.0
0.0851064,0,0.0,0,0.0,3,1.0,1,1.0
0.0857143,0,0.0,0,0.0,3,1.0,1,1.0
0.0859375,0,0.0,0,0.0,1,1.0,0,0.0
0.0862069,0,0.0,0,0.0,1,1.0,1,0.0
0.0864198,0,0.0,0,0.0,2,1.0,0,0.0
0.0869565,0,0.0,0,0.0,1,1.0,1,1.0
0.088,0,0.0,0,0.0,1,1.0,0,0.0
0.0897436,0,0.0,0,0.0,1,1.0,1,1.0
0.0898876,0,0.0,0,0.0,1,1.0,1,1.0
0.0909091,0,0.0,0,0.0,12,0.9166666666666666,4,1.0
0.0916335,0,0.0,0,0.0,1,1.0,0,0.0
0.091954,0,0.0,0,0.0,2,1.0,0,0.0
0.0930233,0,0.0,0,0.0,1,1.0,0,0.0
0.09375,0,0.0,0,0.0,3,1.0,2,0.5
0.0943396,0,0.0,0,0.0,1,0.0,0,0.0
0.0952381,0,0.0,0,0.0,4,0.25,2,0.5
0.0957447,0,0.0,0,0.0,2,1.0,0,0.0
0.096,0,0.0,0,0.0,1,1.0,0,0.0
0.0970149,0,0.0,0,0.0,2,1.0,0,0.0
0.097561,0,0.0,0,0.0,1,1.0,1,1.0
0.0989011,0,0.0,0,0.0,1,1.0,0,0.0
0.0996016,0,0.0,0,0.0,1,1.0,0,0.0
0.1,0,0.0,0,0.0,7,0.7142857142857143,16,0.875
0.101695,0,0.0,0,0.0,2,1.0,0,0.0
0.102564,0,0.0,0,0.0,2,1.0,0,0.0
0.102804,0,0.0,0,0.0,1,1.0,0,0.0
0.103448,0,0.0,0,0.0,1,1.0,2,1.0
0.104167,0,0.0,0,0.0,2,1.0,0,0.0
0.105263,0,0.0,0,0.0,4,1.0,3,1.0
0.107143,0,0.0,0,0.0,1,1.0,1,1.0
0.108,0,0.0,0,0.0,1,1.0,0,0.0
0.108434,0,0.0,0,0.0,1,1.0,1,1.0
0.108871,0,0.0,0,0.0,1,1.0,0,0.0
0.109312,0,0.0,0,0.0,1,1.0,0,0.0
0.109375,0,0.0,0,0.0,1,1.0,0,0.0
0.111111,0,0.0,0,0.0,6,1.0,5,0.6
0.11236,0,0.0,0,0.0,1,1.0,0,0.0
0.112903,0,0.0,0,0.0,1,1.0,2,1.0
0.113208,0,0.0,0,0.0,1,1.0,0,0.0
0.113636,0,0.0,0,0.0,2,1.0,3,1.0
0.114286,0,0.0,0,0.0,2,1.0,3,1.0
0.115385,0,0.0,0,0.0,2,1.0,5,1.0
0.116279,0,0.0,0,0.0,2,1.0,0,0.0
0.116935,0,0.0,0,0.0,1,1.0,0,0.0
0.117021,0,0.0,0,0.0,2,1.0,1,1.0
0.117647,0,0.0,0,0.0,1,1.0,5,1.0
0.118421,0,0.0,0,0.0,1,1.0,0,0.0
0.119403,0,0.0,0,0.0,1,0.0,0,0.0
0.12,0,0.0,0,0.0,1,1.0,2,1.0
0.12037,0,0.0,0,0.0,1,1.0,3,1.0
0.121212,0,0.0,0,0.0,3,1.0,0,0.0
0.121951,0,0.0,0,0.0,2,1.0,1,1.0
0.122222,0,0.0,0,0.0,1,1.0,0,0.0
0.123457,0,0.0,0,0.0,1,1.0,0,0.0
0.125,0,0.0,0,0.0,8,0.875,11,0.7272727272727273
0.126437,0,0.0,0,0.0,2,1.0,0,0.0
0.127451,0,0.0,0,0.0,1,1.0,1,1.0
0.12766,0,0.0,0,0.0,1,1.0,0,0.0
0.129032,0,0.0,0,0.0,1,1.0,2,1.0
0.12963,0,0.0,0,0.0,1,1.0,1,1.0
0.130435,0,0.0,0,0.0,1,1.0,0,0.0
0.131313,0,0.0,0,0.0,3,1.0,0,0.0
0.133333,0,0.0,0,0.0,9,0.8888888888888888,3,1.0
0.133929,0,0.0,0,0.0,1,0.0,0,0.0
0.134831,0,0.0,0,0.0,1,1.0,0,0.0
0.135458,0,0.0,0,0.0,2,1.0,1,1.0
0.136364,0,0.0,0,0.0,3,1.0,1,1.0
0.137255,0,0.0,0,0.0,2,1.0,2,1.0
0.137931,0,0.0,0,0.0,3,1.0,2,1.0
0.138298,0,0.0,0,0.0,1,1.0,2,1.0
0.138889,0,0.0,0,0.0,2,1.0,0,0.0
0.140449,0,0.0,0,0.0,1,1.0,0,0.0
0.140625,0,0.0,0,0.0,4,1.0,2,1.0
0.142857,0,0.0,0,0.0,13,0.8461538461538461,17,0.8235294117647058
0.146341,0,0.0,0,0.0,1,1.0,1,1.0
0.147059,0,0.0,0,0.0,1,1.0,0,0.0
0.148148,0,0.0,0,0.0,2,1.0,1,1.0
0.148438,0,0.0,0,0.0,1,1.0,0,0.0
0.148594,0,0.0,0,0.0,1,1.0,0,0.0
0.14876,0,0.0,0,0.0,1,1.0,0,0.0
0.149425,0,0.0,0,0.0,1,1.0,0,0.0
0.149533,0,0.0,0,0.0,1,1.0,0,0.0
0.15,0,0.0,0,0.0,2,1.0,0,0.0
0.150442,0,0.0,0,0.0,1,1.0,0,0.0
0.151515,0,0.0,0,0.0,1,1.0,0,0.0
0.151685,0,0.0,0,0.0,1,1.0,0,0.0
0.152174,0,0.0,0,0.0,1,1.0,1,1.0
0.152542,0,0.0,0,0.0,2,1.0,0,0.0
0.15261,0,0.0,0,0.0,1,1.0,0,0.0
0.153226,0,0.0,0,0.0,1,1.0,0,0.0
0.153846,0,0.0,0,0.0,10,1.0,4,0.75
0.155172,0,0.0,0,0.0,1,1.0,0,0.0
0.155556,0,0.0,0,0.0,2,1.0,0,0.0
0.15625,0,0.0,0,0.0,1,1.0,8,1.0
0.156863,0,0.0,0,0.0,3,1.0,0,0.0
0.157895,0,0.0,0,0.0,3,1.0,4,1.0
0.159574,0,0.0,0,0.0,1,1.0,3,1.0
0.159624,0,0.0,0,0.0,1,1.0,0,0.0
0.16,0,0.0,0,0.0,1,1.0,0,0.0
0.16092,0,0.0,0,0.0,1,1.0,0,0.0
0.16129,0,0.0,0,0.0,2,1.0,2,0.5
0.161616,0,0.0,0,0.0,1,1.0,2,1.0
0.163347,0,0.0,0,0.0,1,0.0,1,0.0
0.164,0,0.0,0,0.0,1,1.0,0,0.0
0.166667,0,0.0,0,0.0,21,0.9523809523809523,26,0.8846153846153846
0.168317,0,0.0,0,0.0,1,0.0,0,0.0
0.168421,0,0.0,0,0.0,1,1.0,1,1.0
0.168539,0,0.0,0,0.0,1,1.0,0,0.0
0.168675,0,0.0,0,0.0,2,1.0,0,0.0
0.169492,0,0.0,0,0.0,1,1.0,0,0.0
0.169643,0,0.0,0,0.0,1,1.0,1,0.0
0.170103,0,0.0,0,0.0,1,1.0,0,0.0
0.170213,0,0.0,0,0.0,2,1.0,0,0.0
0.170732,0,0.0,0,0.0,1,1.0,2,1.0
0.171429,0,0.0,0,0.0,4,1.0,4,1.0
0.171875,0,0.0,0,0.0,3,1.0,1,1.0
0.172414,0,0.0,0,0.0,6,1.0,3,1.0
0.173913,0,0.0,0,0.0,3,0.6666666666666666,1,1.0
0.175926,0,0.0,0,0.0,1,1.0,1,1.0
0.176166,0,0.0,0,0.0,1,1.0,0,0.0
0.176471,0,0.0,0,0.0,1,1.0,1,1.0
0.176991,0,0.0,0,0.0,1,1.0,0,0.0
0.178571,0,0.0,0,0.0,1,1.0,0,0.0
0.178947,0,0.0,0,0.0,3,1.0,0,0.0
0.179104,0,0.0,0,0.0,1,1.0,0,0.0
0.179487,0,0.0,0,0.0,1,1.0,2,1.0
0.179775,0,0.0,0,0.0,1,1.0,0,0.0
0.18,0,0.0,0,0.0,1,1.0,0,0.0
0.180851,0,0.0,0,0.0,1,1.0,2,0.5
0.181818,0,0.0,0,0.0,7,1.0,12,1.0
0.182186,0,0.0,0,0.0,1,1.0,0,0.0
0.183673,0,0.0,0,0.0,2,1.0,0,0.0
0.183908,0,0.0,0,0.0,1,1.0,0,0.0
0.184,0,0.0,0,0.0,1,1.0,0,0.0
0.184211,0,0.0,0,0.0,2,1.0,0,0.0
0.185185,0,0.0,0,0.0,6,1.0,2,0.5
0.186047,0,0.0,0,0.0,1,1.0,0,0.0
0.186441,0,0.0,0,0.0,1,1.0,0,0.0
0.186916,0,0.0,0,0.0,1,1.0,0,0.0
0.1875,0,0.0,0,0.0,9,1.0,4,1.0
0.188679,0,0.0,0,0.0,2,1.0,3,1.0
0.188976,0,0.0,0,0.0,1,0.0,0,0.0
0.189474,0,0.0,0,0.0,1,1.0,1,1.0
0.189655,0,0.0,0,0.0,5,1.0,0,0.0
0.190476,0,0.0,0,0.0,2,0.5,0,0.0
0.191489,0,0.0,0,0.0,1,1.0,2,0.5
0.191919,0,0.0,0,0.0,2,1.0,0,0.0
0.192308,0,0.0,0,0.0,2,1.0,5,1.0
0.193548,0,0.0,0,0.0,1,1.0,0,0.0
0.195402,0,0.0,0,0.0,2,1.0,0,0.0
0.195652,0,0.0,0,0.0,1,1.0,1,1.0
0.195876,0,0.0,0,0.0,2,1.0,0,0.0
0.198113,0,0.0,0,0.0,1,1.0,1,1.0
0.2,0,0.0,0,0.0,27,0.9629629629629629,27,0.8888888888888888
0.201613,0,0.0,0,0.0,1,1.0,1,1.0
0.203125,0,0.0,0,0.0,2,1.0,0,0.0
0.20339,0,0.0,0,0.0,1,1.0,0,0.0
0.203704,0,0.0,0,0.0,3,1.0,0,0.0
0.204545,0,0.0,0,0.0,2,1.0,1,1.0
0.206612,0,0.0,0,0.0,1,1.0,0,0.0
0.206731,0,0.0,0,0.0,1,1.0,0,0.0
0.206897,0,0.0,0,0.0,5,1.0,4,1.0
0.207921,0,0.0,0,0.0,1,0.0,0,0.0
0.209677,0,0.0,0,0.0,1,1.0,0,0.0
0.210526,0,0.0,0,0.0,8,1.0,6,1.0
0.211155,0,0.0,0,0.0,1,1.0,0,0.0
0.212121,0,0.0,0,0.0,3,1.0,0,0.0
0.212766,0,0.0,0,0.0,1,1.0,0,0.0
0.212963,0,0.0,0,0.0,1,1.0,1,1.0
0.214286,0,0.0,0,0.0,13,1.0,14,1.0
0.216867,0,0.0,0,0.0,1,1.0,0,0.0
0.217391,0,0.0,0,0.0,2,1.0,3,0.6666666666666666
0.218391,0,0.0,0,0.0,1,1.0,0,0.0
0.21875,0,0.0,0,0.0,4,1.0,8,1.0
0.22,0,0.0,0,0.0,2,1.0,2,0.5
0.221053,0,0.0,0,0.0,2,1.0,0,0.0
0.221649,0,0.0,0,0.0,1,1.0,0,0.0
0.221698,0,0.0,0,0.0,1,1.0,0,0.0
0.222222,0,0.0,0,0.0,13,1.0,9,1.0
0.223108,0,0.0,0,0.0,1,1.0,0,0.0
0.224138,0,0.0,0,0.0,1,1.0,3,0.6666666666666666
0.224719,0,0.0,0,0.0,1,1.0,0,0.0
0.225,0,0.0,0,0.0,1,1.0,1,1.0
0.22549,0,0.0,0,0.0,1,1.0,1,1.0
0.225806,0,0.0,0,0.0,2,0.5,1,1.0
0.226415,0,0.0,0,0.0,1,1.0,1,1.0
0.227273,0,0.0,0,0.0,6,1.0,0,0.0
0.227642,0,0.0,0,0.0,1,1.0,0,0.0
0.227723,0,0.0,0,0.0,1,0.0,0,0.0
0.228571,0,0.0,0,0.0,1,1.0,2,1.0
0.228916,0,0.0,0,0.0,2,1.0,0,0.0
0.229885,0,0.0,0,0.0,4,1.0,0,0.0
0.230769,0,0.0,0,0.0,11,0.7272727272727273,6,1.0
0.231481,0,0.0,0,0.0,1,1.0,0,0.0
0.231579,0,0.0,0,0.0,1,1.0,1,1.0
0.233333,0,0.0,0,0.0,3,0.6666666666666666,0,0.0
0.234043,0,0.0,0,0.0,1,0.0,1,1.0
0.235294,0,0.0,0,0.0,5,1.0,4,1.0
0.235849,0,0.0,0,0.0,1,1.0,0,0.0
0.237069,0,0.0,0,0.0,1,1.0,0,0.0
0.237624,0,0.0,0,0.0,2,0.0,1,0.0
0.238095,0,0.0,0,0.0,1,1.0,1,1.0
0.23913,0,0.0,0,0.0,1,1.0,2,1.0
0.24,0,0.0,0,0.0,2,1.0,0,0.0
0.240964,0,0.0,0,0.0,1,1.0,0,0.0
0.241379,0,0.0,0,0.0,5,1.0,3,1.0
0.241935,0,0.0,0,0.0,1,1.0,0,0.0
0.242105,0,0.0,0,0.0,2,1.0,6,1.0
0.242424,0,0.0,0,0.0,3,1.0,7,1.0
0.24359,0,0.0,0,0.0,1,1.0,0,0.0
0.243902,0,0.0,0,0.0,2,1.0,2,1.0
0.244131,0,0.0,0,0.0,1,1.0,0,0.0
0.245098,0,0.0,0,0.0,1,1.0,0,0.0
0.245283,0,0.0,0,0.0,1,1.0,1,1.0
0.247191,0,0.0,0,0.0,1,1.0,0,0.0
0.25,0,0.0,0,0.0,40,0.95,55,0.8909090909090909
0.250996,0,0.0,0,0.0,1,1.0,0,0.0
0.251012,0,0.0,0,0.0,1,1.0,0,0.0
0.252336,0,0.0,0,0.0,1,1.0,0,0.0
0.252577,0,0.0,0,0.0,1,1.0,0,0.0
0.252632,0,0.0,0,0.0,1,1.0,2,1.0
0.252809,0,0.0,0,0.0,2,1.0,1,1.0
0.252874,0,0.0,0,0.0,2,1.0,0,0.0
0.253731,0,0.0,0,0.0,1,1.0,0,0.0
0.254717,0,0.0,0,0.0,1,1.0,2,1.0
0.254902,0,0.0,0,0.0,3,1.0,0,0.0
0.255814,0,0.0,0,0.0,1,1.0,0,0.0
0.25641,0,0.0,0,0.0,1,1.0,1,1.0
0.256637,0,0.0,0,0.0,1,1.0,0,0.0
0.257143,0,0.0,0,0.0,4,0.75,3,1.0
0.258065,0,0.0,0,0.0,2,0.0,1,1.0
0.258621,0,0.0,0,0.0,4,1.0,1,1.0
0.26,0,0.0,0,0.0,2,1.0,1,1.0
0.260417,0,0.0,0,0.0,1,1.0,1,1.0
0.26087,0,0.0,0,0.0,5,1.0,0,0.0
0.263158,0,0.0,0,0.0,7,1.0,6,0.8333333333333334
0.264,0,0.0,0,0.0,1,1.0,0,0.0
0.264151,0,0.0,0,0.0,3,1.0,1,1.0
0.265487,0,0.0,0,0.0,1,1.0,0,0.0
0.265625,0,0.0,0,0.0,2,1.0,0,0.0
0.265957,0,0.0,0,0.0,1,1.0,1,1.0
0.266667,0,0.0,0,0.0,4,1.0,9,1.0
0.26699,0,0.0,0,0.0,1,1.0,0,0.0
0.268293,0,0.0,0,0.0,1,1.0,1,1.0
0.268519,0,0.0,0,0.0,2,1.0,1,1.0
0.269076,0,0.0,0,0.0,1,1.0,0,0.0
0.269231,0,0.0,0,0.0,1,1.0,0,0.0
0.270916,0,0.0,0,0.0,1,0.0,0,0.0
0.271028,0,0.0,0,0.0,1,1.0,0,0.0
0.272727,0,0.0,0,0.0,5,1.0,5,1.0
0.273585,0,0.0,0,0.0,1,1.0,0,0.0
0.273684,0,0.0,0,0.0,1,1.0,0,0.0
0.27451,0,0.0,0,0.0,2,1.0,3,1.0
0.275,0,0.0,0,0.0,2,1.0,1,1.0
0.275862,0,0.0,0,0.0,6,1.0,7,1.0
0.277108,0,0.0,0,0.0,1,1.0,1,1.0
0.277778,0,0.0,0,0.0,5,0.6,1,1.0
0.280899,0,0.0,0,0.0,1,1.0,0,0.0
0.28125,0,0.0,0,0.0,6,1.0,2,1.0
0.282609,0,0.0,0,0.0,2,1.0,2,1.0
0.283019,0,0.0,0,0.0,2,1.0,1,1.0
0.284091,0,0.0,0,0.0,1,1.0,0,0.0
0.284211,0,0.0,0,0.0,3,1.0,1,1.0
0.285124,0,0.0,0,0.0,1,1.0,1,1.0
0.285714,0,0.0,0,0.0,10,0.9,19,1.0
0.286385,0,0.0,0,0.0,1,1.0,0,0.0
0.286517,0,0.0,0,0.0,1,1.0,2,1.0
0.287879,0,0.0,0,0.0,1,1.0,0,0.0
0.28866,0,0.0,0,0.0,1,1.0,0,0.0
0.289062,0,0.0,0,0.0,1,1.0,0,0.0
0.289157,0,0.0,0,0.0,1,1.0,0,0.0
0.28972,0,0.0,0,0.0,1,1.0,0,0.0
0.29108,0,0.0,0,0.0,1,0.0,0,0.0
0.291498,0,0.0,0,0.0,1,1.0,0,0.0
0.291667,0,0.0,0,0.0,1,1.0,0,0.0
0.292,0,0.0,0,0.0,1,0.0,0,0.0
0.292135,0,0.0,0,0.0,1,1.0,1,1.0
0.292453,0,0.0,0,0.0,1,1.0,0,0.0
0.292683,0,0.0,0,0.0,1,1.0,0,0.0
0.293814,0,0.0,0,0.0,1,1.0,0,0.0
0.294118,0,0.0,0,0.0,4,1.0,4,1.0
0.294737,0,0.0,0,0.0,2,1.0,0,0.0
0.295547,0,0.0,0,0.0,1,1.0,0,0.0
0.296296,0,0.0,0,0.0,2,1.0,0,0.0
0.296875,0,0.0,0,0.0,1,1.0,0,0.0
0.297297,0,0.0,0,0.0,1,1.0,2,1.0
0.298387,0,0.0,0,0.0,1,1.0,0,0.0
0.298969,0,0.0,0,0.0,1,1.0,0,0.0
0.299065,0,0.0,0,0.0,1,1.0,0,0.0
0.3,0,0.0,0,0.0,3,0.6666666666666666,7,1.0
0.300885,0,0.0,0,0.0,1,1.0,0,0.0
0.301653,0,0.0,0,0.0,2,1.0,0,0.0
0.304348,0,0.0,0,0.0,9,1.0,0,0.0
0.305085,0,0.0,0,0.0,1,1.0,0,0.0
0.305221,0,0.0,0,0.0,2,1.0,0,0.0
0.305263,0,0.0,0,0.0,2,1.0,1,1.0
0.305556,0,0.0,0,0.0,2,1.0,0,0.0
0.306818,0,0.0,0,0.0,4,1.0,2,1.0
0.307692,0,0.0,0,0.0,8,1.0,5,0.8
0.308943,0,0.0,0,0.0,1,1.0,0,0.0
0.308989,0,0.0,0,0.0,1,1.0,0,0.0
0.309735,0,0.0,0,0.0,1,1.0,0,0.0
0.310345,0,0.0,0,0.0,1,1.0,15,1.0
0.310757,0,0.0,0,0.0,1,1.0,1,1.0
0.311741,0,0.0,0,0.0,1,1.0,0,0.0
0.3125,0,0.0,0,0.0,6,1.0,9,1.0
0.313725,0,0.0,0,0.0,1,1.0,2,1.0
0.314286,0,0.0,0,0.0,3,1.0,0,0.0
0.314433,0,0.0,0,0.0,1,1.0,0,0.0
0.314815,0,0.0,0,0.0,2,1.0,0,0.0
0.314961,0,0.0,0,0.0,1,1.0,0,0.0
0.315789,0,0.0,0,0.0,5,1.0,1,1.0
0.317073,0,0.0,0,0.0,1,1.0,1,1.0
0.317757,0,0.0,0,0.0,1,1.0,0,0.0
0.318182,0,0.0,0,0.0,1,1.0,0,0.0
0.318584,0,0.0,0,0.0,2,1.0,0,0.0
0.319444,0,0.0,0,0.0,1,1.0,0,0.0
0.319838,0,0.0,0,0.0,1,1.0,0,0.0
0.320755,0,0.0,0,0.0,1,1.0,1,1.0
0.321429,0,0.0,0,0.0,3,1.0,2,1.0
0.322581,0,0.0,0,0.0,1,1.0,1,1.0
0.322917,0,0.0,0,0.0,1,1.0,0,0.0
0.323276,0,0.0,0,0.0,1,1.0,3,1.0
0.323529,0,0.0,0,0.0,1,0.0,2,0.5
0.324074,0,0.0,0,0.0,1,1.0,0,0.0
0.325,0,0.0,0,0.0,4,1.0,2,1.0
0.325203,0,0.0,0,0.0,1,1.0,0,0.0
0.326316,0,0.0,0,0.0,3,1.0,1,1.0
0.326446,0,0.0,0,0.0,1,1.0,0,0.0
0.327103,0,0.0,0,0.0,1,1.0,0,0.0
0.327434,0,0.0,0,0.0,3,1.0,0,0.0
0.327586,0,0.0,0,0.0,2,1.0,3,1.0
0.328042,0,0.0,0,0.0,1,1.0,0,0.0
0.328125,0,0.0,0,0.0,1,1.0,0,0.0
0.330189,0,0.0,0,0.0,3,1.0,1,1.0
0.330435,0,0.0,0,0.0,1,1.0,0,0.0
0.333333,0,0.0,0,0.0,79,0.9493670886075949,78,0.8461538461538461
0.335052,0,0.0,0,0.0,1,1.0,0,0.0
0.336283,0,0.0,0,0.0,4,1.0,0,0.0
0.336538,0,0.0,0,0.0,1,1.0,0,0.0
0.336842,0,0.0,0,0.0,3,1.0,0,0.0
0.338462,0,0.0,0,0.0,1,1.0,0,0.0
0.339623,0,0.0,0,0.0,2,1.0,0,0.0
0.340909,0,0.0,0,0.0,4,1.0,0,0.0
0.342593,0,0.0,0,0.0,1,1.0,0,0.0
0.342629,0,0.0,0,0.0,1,1.0,0,0.0
0.342723,0,0.0,0,0.0,1,1.0,0,0.0
0.342857,0,0.0,0,0.0,4,1.0,9,1.0
0.343478,0,0.0,0,0.0,1,1.0,0,0.0
0.34375,0,0.0,0,0.0,5,1.0,3,0.6666666666666666
0.344828,0,0.0,0,0.0,6,1.0,6,1.0
0.345133,0,0.0,0,0.0,1,1.0,0,0.0
0.346154,0,0.0,0,0.0,1,1.0,0,0.0
0.346939,0,0.0,0,0.0,3,1.0,0,0.0
0.347368,0,0.0,0,0.0,4,1.0,1,1.0
0.347826,0,0.0,0,0.0,7,1.0,0,0.0
0.349057,0,0.0,0,0.0,1,1.0,2,1.0
0.349206,0,0.0,0,0.0,1,1.0,0,0.0
0.35,0,0.0,0,0.0,1,1.0,7,1.0
0.350515,0,0.0,0,0.0,1,1.0,1,1.0
0.351852,0,0.0,0,0.0,1,1.0,0,0.0
0.352941,0,0.0,0,0.0,3,1.0,1,1.0
0.353982,0,0.0,0,0.0,1,1.0,0,0.0
0.354167,0,0.0,0,0.0,3,1.0,1,1.0
0.354839,0,0.0,0,0.0,3,0.6666666666666666,0,0.0
0.356164,0,0.0,0,0.0,1,1.0,0,0.0
0.357143,0,0.0,0,0.0,9,1.0,11,0.9090909090909091
0.357895,0,0.0,0,0.0,4,1.0,0,0.0
0.358491,0,0.0,0,0.0,1,1.0,2,1.0
0.359551,0,0.0,0,0.0,1,1.0,1,1.0
0.360825,0,0.0,0,0.0,1,1.0,0,0.0
0.361702,0,0.0,0,0.0,1,1.0,1,1.0
0.362069,0,0.0,0,0.0,1,1.0,1,1.0
0.362832,0,0.0,0,0.0,4,1.0,0,0.0
0.363636,0,0.0,0,0.0,8,1.0,5,1.0
0.364,0,0.0,0,0.0,1,1.0,0,0.0
0.364341,0,0.0,0,0.0,1,1.0,0,0.0
0.364486,0,0.0,0,0.0,1,1.0,0,0.0
0.364583,0,0.0,0,0.0,1,1.0,0,0.0
0.365854,0,0.0,0,0.0,1,1.0,0,0.0
0.366534,0,0.0,0,0.0,1,1.0,0,0.0
0.366667,0,0.0,0,0.0,2,0.5,0,0.0
0.367347,0,0.0,0,0.0,2,1.0,0,0.0
0.368421,0,0.0,0,0.0,6,1.0,4,1.0
0.37037,0,0.0,0,0.0,1,1.0,0,0.0
0.37069,0,0.0,0,0.0,1,1.0,0,0.0
0.370787,0,0.0,0,0.0,1,1.0,1,1.0
0.371429,0,0.0,0,0.0,7,1.0,2,1.0
0.371681,0,0.0,0,0.0,2,1.0,0,0.0
0.371795,0,0.0,0,0.0,1,1.0,0,0.0
0.372,0,0.0,0,0.0,1,1.0,0,0.0
0.373737,0,0.0,0,0.0,1,1.0,0,0.0
0.373786,0,0.0,0,0.0,1,1.0,0,0.0
0.375,0,0.0,0,0.0,10,1.0,4,1.0
0.376,0,0.0,0,0.0,1,1.0,0,0.0
0.378947,0,0.0,0,0.0,1,1.0,1,1.0
0.37931,0,0.0,0,0.0,7,0.8571428571428571,1,1.0
0.38,0,0.0,0,0.0,1,1.0,0,0.0
0.380952,0,0.0,0,0.0,1,1.0,0,0.0
0.38247,0,0.0,0,0.0,1,1.0,0,0.0
0.382609,0,0.0,0,0.0,1,1.0,0,0.0
0.383178,0,0.0,0,0.0,2,1.0,0,0.0
0.383562,0,0.0,0,0.0,1,1.0,0,0.0
0.384615,0,0.0,0,0.0,9,1.0,3,0.6666666666666666
0.385417,0,0.0,0,0.0,1,1.0,0,0.0
0.386364,0,0.0,0,0.0,3,1.0,0,0.0
0.38764,0,0.0,0,0.0,2,1.0,0,0.0
0.387755,0,0.0,0,0.0,1,1.0,1,1.0
0.38806,0,0.0,0,0.0,1,1.0,0,0.0
0.388601,0,0.0,0,0.0,1,1.0,0,0.0
0.388889,0,0.0,0,0.0,2,1.0,2,0.5
0.389474,0,0.0,0,0.0,1,1.0,2,1.0
0.390244,0,0.0,0,0.0,2,1.0,1,1.0
0.391304,0,0.0,0,0.0,4,1.0,0,0.0
0.391753,0,0.0,0,0.0,1,1.0,0,0.0
0.392562,0,0.0,0,0.0,1,1.0,0,0.0
0.392857,0,0.0,0,0.0,3,1.0,2,0.0
0.393258,0,0.0,0,0.0,2,1.0,0,0.0
0.393617,0,0.0,0,0.0,1,0.0,0,0.0
0.393939,0,0.0,0,0.0,1,1.0,0,0.0
0.395652,0,0.0,0,0.0,1,1.0,0,0.0
0.395833,0,0.0,0,0.0,2,1.0,0,0.0
0.396226,0,0.0,0,0.0,2,1.0,0,0.0
0.396552,0,0.0,0,0.0,3,1.0,1,1.0
0.397727,0,0.0,0,0.0,1,1.0,1,1.0
0.398876,0,0.0,0,0.0,1,1.0,1,1.0
0.398964,0,0.0,0,0.0,1,1.0,0,0.0
0.4,0,0.0,0,0.0,52,0.9615384615384616,47,0.9787234042553191
0.401575,0,0.0,0,0.0,1,1.0,0,0.0
0.403846,0,0.0,0,0.0,1,1.0,0,0.0
0.405172,0,0.0,0,0.0,1,1.0,0,0.0
0.405622,0,0.0,0,0.0,1,1.0,1,1.0
0.40625,0,0.0,0,0.0,4,1.0,0,0.0
0.40708,0,0.0,0,0.0,1,1.0,0,0.0
0.407407,0,0.0,0,0.0,5,1.0,3,1.0
0.407767,0,0.0,0,0.0,2,1.0,1,1.0
0.407895,0,0.0,0,0.0,1,1.0,0,0.0
0.408163,0,0.0,0,0.0,2,1.0,0,0.0
0.409091,0,0.0,0,0.0,1,1.0,0,0.0
0.410112,0,0.0,0,0.0,1,1.0,3,1.0
0.410526,0,0.0,0,0.0,2,1.0,4,1.0
0.410714,0,0.0,0,0.0,1,1.0,0,0.0
0.411215,0,0.0,0,0.0,1,1.0,1,1.0
0.411765,0,0.0,0,0.0,4,1.0,1,1.0
0.412371,0,0.0,0,0.0,1,1.0,0,0.0
0.412698,0,0.0,0,0.0,1,1.0,0,0.0
0.413793,0,0.0,0,0.0,10,1.0,3,1.0
0.414894,0,0.0,0,0.0,1,1.0,0,0.0
0.41573,0,0.0,0,0.0,1,1.0,0,0.0
0.416667,0,0.0,0,0.0,9,1.0,7,1.0
0.417526,0,0.0,0,0.0,1,1.0,0,0.0
0.419355,0,0.0,0,0.0,2,1.0,3,0.6666666666666666
0.419847,0,0.0,0,0.0,1,1.0,0,0.0
0.420455,0,0.0,0,0.0,1,1.0,0,0.0
0.420561,0,0.0,0,0.0,1,1.0,0,0.0
0.421053,0,0.0,0,0.0,8,1.0,8,1.0
0.421348,0,0.0,0,0.0,1,1.0,0,0.0
0.422222,0,0.0,0,0.0,1,1.0,0,0.0
0.42268,0,0.0,0,0.0,2,1.0,0,0.0
0.422764,0,0.0,0,0.0,1,1.0,0,0.0
0.423077,0,0.0,0,0.0,1,1.0,0,0.0
0.424242,0,0.0,0,0.0,3,1.0,0,0.0
0.424779,0,0.0,0,0.0,2,1.0,0,0.0
0.425,0,0.0,0,0.0,6,1.0,0,0.0
0.425703,0,0.0,0,0.0,2,1.0,0,0.0
0.425743,0,0.0,0,0.0,2,0.0,1,0.0
0.428571,0,0.0,0,0.0,21,0.9523809523809523,28,0.8571428571428571
0.42915,0,0.0,0,0.0,1,1.0,1,1.0
0.429907,0,0.0,0,0.0,1,1.0,1,1.0
0.430279,0,0.0,0,0.0,1,1.0,0,0.0
0.431034,0,0.0,0,0.0,1,1.0,2,1.0
0.431579,0,0.0,0,0.0,3,1.0,2,1.0
0.432584,0,0.0,0,0.0,3,1.0,0,0.0
0.433333,0,0.0,0,0.0,1,1.0,2,0.5
0.434783,0,0.0,0,0.0,1,1.0,0,0.0
0.435185,0,0.0,0,0.0,1,1.0,1,1.0
0.435644,0,0.0,0,0.0,1,0.0,1,0.0
0.43617,0,0.0,0,0.0,1,1.0,1,1.0
0.4375,0,0.0,0,0.0,6,1.0,5,1.0
0.438202,0,0.0,0,0.0,4,1.0,1,1.0
0.438247,0,0.0,0,0.0,1,1.0,0,0.0
0.439024,0,0.0,0,0.0,1,1.0,0,0.0
0.439252,0,0.0,0,0.0,1,1.0,0,0.0
0.439655,0,0.0,0,0.0,1,1.0,0,0.0
0.44,0,0.0,0,0.0,2,1.0,0,0.0
0.442478,0,0.0,0,0.0,1,1.0,0,0.0
0.443299,0,0.0,0,0.0,1,1.0,0,0.0
0.44382,0,0.0,0,0.0,1,1.0,2,1.0
0.444444,0,0.0,0,0.0,15,1.0,18,0.9444444444444444
0.445545,0,0.0,0,0.0,1,0.0,0,0.0
0.445783,0,0.0,0,0.0,1,1.0,1,1.0
0.446154,0,0.0,0,0.0,1,1.0,0,0.0
0.446429,0,0.0,0,0.0,1,1.0,0,0.0
0.447154,0,0.0,0,0.0,1,1.0,0,0.0
0.447917,0,0.0,0,0.0,5,1.0,1,1.0
0.448276,0,0.0,0,0.0,6,1.0,1,1.0
0.448598,0,0.0,0,0.0,1,1.0,0,0.0
0.449438,0,0.0,0,0.0,3,1.0,1,1.0
0.449735,0,0.0,0,0.0,1,1.0,0,0.0
0.45,0,0.0,0,0.0,5,1.0,4,1.0
0.451327,0,0.0,0,0.0,2,1.0,0,0.0
0.451613,0,0.0,0,0.0,1,1.0,1,0.0
0.452632,0,0.0,0,0.0,1,1.0,3,1.0
0.454545,0,0.0,0,0.0,12,1.0,9,1.0
0.455285,0,0.0,0,0.0,1,1.0,0,0.0
0.457143,0,0.0,0,0.0,2,1.0,1,1.0
0.458333,0,0.0,0,0.0,1,1.0,1,1.0
0.459677,0,0.0,0,0.0,1,1.0,0,0.0
0.46114,0,0.0,0,0.0,1,1.0,0,0.0
0.461538,0,0.0,0,0.0,10,1.0,27,1.0
0.464567,0,0.0,0,0.0,1,1.0,0,0.0
0.464789,0,0.0,0,0.0,1,1.0,0,0.0
0.465116,0,0.0,0,0.0,1,1.0,0,0.0
0.466292,0,0.0,0,0.0,3,1.0,1,1.0
0.466321,0,0.0,0,0.0,1,1.0,0,0.0
0.466667,0,0.0,0,0.0,12,1.0,12,0.9166666666666666
0.46875,0,0.0,0,0.0,2,1.0,2,1.0
0.469565,0,0.0,0,0.0,1,1.0,0,0.0
0.46988,0,0.0,0,0.0,1,1.0,1,1.0
0.47012,0,0.0,0,0.0,1,1.0,1,1.0
0.470588,0,0.0,0,0.0,7,1.0,2,0.5
0.470874,0,0.0,0,0.0,1,1.0,0,0.0
0.471698,0,0.0,0,0.0,2,1.0,0,0.0
0.47191,0,0.0,0,0.0,2,1.0,2,1.0
0.472222,0,0.0,0,0.0,1,1.0,1,1.0
0.472727,0,0.0,0,0.0,1,1.0,2,1.0
0.473684,0,0.0,0,0.0,4,1.0,6,1.0
0.474104,0,0.0,0,0.0,1,1.0,0,0.0
0.474576,0,0.0,0,0.0,1,1.0,0,0.0
0.475,0,0.0,0,0.0,3,1.0,4,1.0
0.476636,0,0.0,0,0.0,3,1.0,2,1.0
0.477528,0,0.0,0,0.0,2,1.0,1,1.0
0.478261,0,0.0,0,0.0,2,1.0,0,0.0
0.478873,0,0.0,0,0.0,1,1.0,0,0.0
0.479167,0,0.0,0,0.0,1,1.0,1,1.0
0.479381,0,0.0,0,0.0,1,1.0,0,0.0
0.48,0,0.0,0,0.0,1,1.0,0,0.0
0.481481,0,0.0,0,0.0,4,1.0,1,1.0
0.482051,0,0.0,0,0.0,1,1.0,0,0.0
0.482759,0,0.0,0,0.0,1,1.0,1,1.0
0.483146,0,0.0,0,0.0,2,1.0,2,1.0
0.483871,0,0.0,0,0.0,1,1.0,1,1.0
0.484211,0,0.0,0,0.0,2,1.0,2,1.0
0.484375,0,0.0,0,0.0,1,1.0,0,0.0
0.484536,0,0.0,0,0.0,1,1.0,1,1.0
0.484848,0,0.0,0,0.0,9,1.0,4,1.0
0.485714,0,0.0,0,0.0,3,1.0,1,1.0
0.485981,0,0.0,0,0.0,1,1.0,1,1.0
0.486726,0,0.0,0,0.0,1,1.0,0,0.0
0.487805,0,0.0,0,0.0,3,1.0,0,0.0
0.488764,0,0.0,0,0.0,1,1.0,1,1.0
0.489796,0,0.0,0,0.0,2,1.0,1,1.0
0.490291,0,0.0,0,0.0,1,1.0,0,0.0
0.490566,0,0.0,0,0.0,2,1.0,0,0.0
0.493927,0,0.0,0,0.0,1,1.0,0,0.0
0.494382,0,0.0,0,0.0,1,1.0,1,1.0
0.495327,0,0.0,0,0.0,2,1.0,0,0.0
0.495935,0,0.0,0,0.0,1,1.0,1,1.0
0.498008,0,0.0,0,0.0,1,1.0,0,0.0
0.5,0,0.0,0,0.0,374,0.9759358288770054,332,0.9578313253012049
0.503937,0,0.0,0,0.0,1,1.0,0,0.0
0.504348,0,0.0,0,0.0,1,1.0,0,0.0
0.504673,0,0.0,0,0.0,1,1.0,2,1.0
0.504854,0,0.0,0,0.0,1,1.0,1,1.0
0.505051,0,0.0,0,0.0,1,1.0,0,0.0
0.506024,0,0.0,0,0.0,1,1.0,1,1.0
0.508475,0,0.0,0,0.0,1,1.0,0,0.0
0.50996,0,0.0,0,0.0,1,1.0,1,1.0
0.510204,0,0.0,0,0.0,2,1.0,0,0.0
0.511111,0,0.0,0,0.0,1,1.0,0,0.0
0.511236,0,0.0,0,0.0,1,1.0,0,0.0
0.512,0,0.0,0,0.0,1,1.0,0,0.0
0.512195,0,0.0,0,0.0,2,1.0,0,0.0
0.512821,0,0.0,0,0.0,1,1.0,1,1.0
0.512931,0,0.0,0,0.0,2,1.0,0,0.0
0.513944,0,0.0,0,0.0,1,1.0,1,1.0
0.514019,0,0.0,0,0.0,1,1.0,2,1.0
0.514286,0,0.0,0,0.0,1,1.0,0,0.0
0.514563,0,0.0,0,0.0,2,1.0,0,0.0
0.515152,0,0.0,0,0.0,4,1.0,2,1.0
0.515789,0,0.0,0,0.0,1,1.0,2,1.0
0.516129,0,0.0,0,0.0,1,1.0,0,0.0
0.516854,0,0.0,0,0.0,1,1.0,0,0.0
0.517241,0,0.0,0,0.0,3,1.0,3,1.0
0.518219,0,0.0,0,0.0,1,1.0,0,0.0
0.518519,0,0.0,0,0.0,2,1.0,0,0.0
0.519084,0,0.0,0,0.0,1,1.0,0,0.0
0.52,0,0.0,0,0.0,1,1.0,0,0.0
0.520833,0,0.0,0,0.0,1,1.0,3,1.0
0.521368,0,0.0,0,0.0,1,1.0,0,0.0
0.521552,0,0.0,0,0.0,2,1.0,0,0.0
0.521912,0,0.0,0,0.0,1,1.0,2,1.0
0.522267,0,0.0,0,0.0,1,1.0,0,0.0
0.522472,0,0.0,0,0.0,1,1.0,0,0.0
0.522727,0,0.0,0,0.0,2,1.0,0,0.0
0.523364,0,0.0,0,0.0,1,1.0,1,1.0
0.52381,0,0.0,0,0.0,1,1.0,3,1.0
0.524272,0,0.0,0,0.0,1,1.0,0,0.0
0.525,0,0.0,0,0.0,1,1.0,5,1.0
0.525424,0,0.0,0,0.0,2,1.0,0,0.0
0.525773,0,0.0,0,0.0,1,1.0,0,0.0
0.525822,0,0.0,0,0.0,1,1.0,0,0.0
0.526087,0,0.0,0,0.0,1,1.0,0,0.0
0.526316,0,0.0,0,0.0,8,1.0,3,1.0
0.526718,0,0.0,0,0.0,1,1.0,0,0.0
0.527273,0,0.0,0,0.0,1,1.0,1,1.0
0.527778,0,0.0,0,0.0,1,1.0,2,1.0
0.528037,0,0.0,0,0.0,1,1.0,0,0.0
0.528926,0,0.0,0,0.0,1,1.0,0,0.0
0.529412,0,0.0,0,0.0,8,1.0,9,1.0
0.530612,0,0.0,0,0.0,1,1.0,0,0.0
0.530928,0,0.0,0,0.0,1,1.0,0,0.0
0.530973,0,0.0,0,0.0,1,1.0,0,0.0
0.53125,0,0.0,0,0.0,2,1.0,0,0.0
0.533333,0,0.0,0,0.0,8,1.0,3,1.0
0.533708,0,0.0,0,0.0,1,1.0,1,1.0
0.533865,0,0.0,0,0.0,1,1.0,0,0.0
0.534137,0,0.0,0,0.0,1,1.0,0,0.0
0.534351,0,0.0,0,0.0,1,1.0,0,0.0
0.534483,0,0.0,0,0.0,3,1.0,0,0.0
0.534653,0,0.0,0,0.0,2,0.0,0,0.0
0.534884,0,0.0,0,0.0,2,1.0,0,0.0
0.535714,0,0.0,0,0.0,1,1.0,2,1.0
0.536842,0,0.0,0,0.0,1,1.0,1,1.0
0.538153,0,0.0,0,0.0,1,1.0,0,0.0
0.538462,0,0.0,0,0.0,14,1.0,3,1.0
0.53886,0,0.0,0,0.0,1,1.0,1,1.0
0.539326,0,0.0,0,0.0,2,1.0,0,0.0
0.541237,0,0.0,0,0.0,1,1.0,3,1.0
0.541667,0,0.0,0,0.0,1,1.0,0,0.0
0.542169,0,0.0,0,0.0,1,1.0,1,1.0
0.542857,0,0.0,0,0.0,3,1.0,1,1.0
0.544041,0,0.0,0,0.0,1,1.0,0,0.0
0.544944,0,0.0,0,0.0,1,1.0,3,1.0
0.545455,0,0.0,0,0.0,18,1.0,20,1.0
0.54717,0,0.0,0,0.0,1,1.0,0,0.0
0.547368,0,0.0,0,0.0,6,1.0,1,1.0
0.548077,0,0.0,0,0.0,1,1.0,1,1.0
0.548387,0,0.0,0,0.0,3,1.0,1,1.0
0.548673,0,0.0,0,0.0,2,1.0,0,0.0
0.549618,0,0.0,0,0.0,1,1.0,0,0.0
0.549801,0,0.0,0,0.0,2,1.0,1,1.0
0.55,0,0.0,0,0.0,3,1.0,3,1.0
0.550201,0,0.0,0,0.0,1,1.0,0,0.0
0.55102,0,0.0,0,0.0,1,1.0,2,1.0
0.551402,0,0.0,0,0.0,1,1.0,2,1.0
0.551546,0,0.0,0,0.0,1,1.0,0,0.0
0.551724,0,0.0,0,0.0,3,1.0,2,1.0
0.552083,0,0.0,0,0.0,1,1.0,2,1.0
0.552846,0,0.0,0,0.0,1,1.0,1,1.0
0.554217,0,0.0,0,0.0,1,1.0,0,0.0
0.554455,0,0.0,0,0.0,1,0.0,0,0.0
0.555556,0,0.0,0,0.0,22,0.9545454545454546,8,1.0
0.557522,0,0.0,0,0.0,1,1.0,0,0.0
0.557895,0,0.0,0,0.0,3,1.0,3,1.0
0.55814,0,0.0,0,0.0,1,1.0,2,1.0
0.558824,0,0.0,0,0.0,1,1.0,0,0.0
0.56,0,0.0,0,0.0,3,1.0,6,1.0
0.560345,0,0.0,0,0.0,1,1.0,0,0.0
0.560748,0,0.0,0,0.0,1,1.0,0,0.0
0.560976,0,0.0,0,0.0,2,1.0,1,1.0
0.561404,0,0.0,0,0.0,1,1.0,0,0.0
0.561798,0,0.0,0,0.0,1,1.0,2,1.0
0.562249,0,0.0,0,0.0,1,1.0,1,1.0
0.5625,0,0.0,0,0.0,7,1.0,8,1.0
0.564103,0,0.0,0,0.0,1,1.0,0,0.0
0.564767,0,0.0,0,0.0,1,1.0,0,0.0
0.565657,0,0.0,0,0.0,1,1.0,0,0.0
0.566667,0,0.0,0,0.0,2,1.0,1,1.0
0.56701,0,0.0,0,0.0,1,1.0,1,1.0
0.567416,0,0.0,0,0.0,2,1.0,0,0.0
0.568421,0,0.0,0,0.0,5,1.0,0,0.0
0.568966,0,0.0,0,0.0,2,1.0,1,1.0
0.571429,0,0.0,0,0.0,27,0.9629629629629629,25,1.0
0.572917,0,0.0,0,0.0,1,1.0,3,1.0
0.573034,0,0.0,0,0.0,2,1.0,1,1.0
0.573276,0,0.0,0,0.0,1,1.0,0,0.0
0.574074,0,0.0,0,0.0,1,1.0,0,0.0
0.574359,0,0.0,0,0.0,1,1.0,0,0.0
0.575,0,0.0,0,0.0,1,1.0,1,1.0
0.575221,0,0.0,0,0.0,1,1.0,0,0.0
0.575758,0,0.0,0,0.0,3,1.0,0,0.0
0.576923,0,0.0,0,0.0,1,1.0,0,0.0
0.577586,0,0.0,0,0.0,1,1.0,0,0.0
0.577689,0,0.0,0,0.0,1,1.0,0,0.0
0.578652,0,0.0,0,0.0,1,1.0,2,1.0
0.578947,0,0.0,0,0.0,9,1.0,7,1.0
0.58,0,0.0,0,0.0,1,0.0,0,0.0
0.580311,0,0.0,0,0.0,1,1.0,0,0.0
0.580645,0,0.0,0,0.0,2,1.0,0,0.0
0.582329,0,0.0,0,0.0,1,1.0,0,0.0
0.583333,0,0.0,0,0.0,9,1.0,6,1.0
0.584615,0,0.0,0,0.0,2,1.0,0,0.0
0.584677,0,0.0,0,0.0,1,1.0,0,0.0
0.584906,0,0.0,0,0.0,1,1.0,1,1.0
0.585366,0,0.0,0,0.0,3,1.0,0,0.0
0.586207,0,0.0,0,0.0,4,1.0,4,1.0
0.586957,0,0.0,0,0.0,1,1.0,0,0.0
0.588235,0,0.0,0,0.0,14,1.0,2,1.0
0.588785,0,0.0,0,0.0,1,1.0,3,1.0
0.589474,0,0.0,0,0.0,3,1.0,3,1.0
0.589641,0,0.0,0,0.0,1,1.0,0,0.0
0.589744,0,0.0,0,0.0,1,1.0,1,1.0
0.589888,0,0.0,0,0.0,1,1.0,2,1.0
0.590361,0,0.0,0,0.0,1,1.0,2,1.0
0.590909,0,0.0,0,0.0,3,1.0,0,0.0
0.591837,0,0.0,0,0.0,4,1.0,0,0.0
0.592593,0,0.0,0,0.0,2,1.0,0,0.0
0.59375,0,0.0,0,0.0,2,1.0,2,1.0
0.594872,0,0.0,0,0.0,1,1.0,0,0.0
0.59542,0,0.0,0,0.0,2,1.0,0,0.0
0.595506,0,0.0,0,0.0,2,1.0,2,1.0
0.596491,0,0.0,0,0.0,1,1.0,0,0.0
0.597015,0,0.0,0,0.0,1,1.0,1,1.0
0.598131,0,0.0,0,0.0,1,1.0,0,0.0
0.6,0,0.0,0,0.0,75,1.0,84,0.9761904761904762
0.601124,0,0.0,0,0.0,1,1.0,2,1.0
0.601852,0,0.0,0,0.0,1,1.0,0,0.0
0.603448,0,0.0,0,0.0,1,1.0,1,1.0
0.603774,0,0.0,0,0.0,2,1.0,1,1.0
0.604167,0,0.0,0,0.0,1,1.0,1,1.0
0.604651,0,0.0,0,0.0,2,1.0,0,0.0
0.606061,0,0.0,0,0.0,4,1.0,0,0.0
0.606383,0,0.0,0,0.0,1,1.0,0,0.0
0.606742,0,0.0,0,0.0,1,1.0,1,1.0
0.607143,0,0.0,0,0.0,4,1.0,2,1.0
0.607759,0,0.0,0,0.0,1,1.0,0,0.0
0.608466,0,0.0,0,0.0,1,1.0,0,0.0
0.608696,0,0.0,0,0.0,2,1.0,0,0.0
0.608871,0,0.0,0,0.0,1,1.0,0,0.0
0.609756,0,0.0,0,0.0,4,1.0,1,1.0
0.610442,0,0.0,0,0.0,1,1.0,0,0.0
0.610526,0,0.0,0,0.0,3,1.0,6,1.0
0.610619,0,0.0,0,0.0,2,1.0,0,0.0
0.611111,0,0.0,0,0.0,2,0.5,6,1.0
0.61194,0,0.0,0,0.0,1,0.0,0,0.0
0.612245,0,0.0,0,0.0,4,1.0,2,1.0
0.61236,0,0.0,0,0.0,2,1.0,0,0.0
0.612903,0,0.0,0,0.0,1,1.0,0,0.0
0.613402,0,0.0,0,0.0,2,1.0,0,0.0
0.613546,0,0.0,0,0.0,1,1.0,0,0.0
0.614458,0,0.0,0,0.0,1,1.0,0,0.0
0.615385,0,0.0,0,0.0,14,1.0,5,1.0
0.616822,0,0.0,0,0.0,1,1.0,0,0.0
0.617021,0,0.0,0,0.0,1,1.0,0,0.0
0.617647,0,0.0,0,0.0,3,1.0,0,0.0
0.617978,0,0.0,0,0.0,1,1.0,1,1.0
0.619048,0,0.0,0,0.0,2,1.0,1,1.0
0.620192,0,0.0,0,0.0,1,1.0,0,0.0
0.620513,0,0.0,0,0.0,1,1.0,0,0.0
0.62069,0,0.0,0,0.0,4,1.0,1,1.0
0.620968,0,0.0,0,0.0,1,1.0,0,0.0
0.621053,0,0.0,0,0.0,1,1.0,4,1.0
0.622222,0,0.0,0,0.0,1,1.0,1,1.0
0.622642,0,0.0,0,0.0,2,1.0,0,0.0
0.623596,0,0.0,0,0.0,1,1.0,1,1.0
0.623932,0,0.0,0,0.0,1,1.0,0,0.0
0.625,0,0.0,0,0.0,32,1.0,17,0.9411764705882353
0.625641,0,0.0,0,0.0,1,1.0,0,0.0
0.626506,0,0.0,0,0.0,1,1.0,0,0.0
0.628,0,0.0,0,0.0,1,1.0,1,0.0
0.628571,0,0.0,0,0.0,4,1.0,3,1.0
0.62963,0,0.0,0,0.0,3,1.0,0,0.0
0.630769,0,0.0,0,0.0,1,1.0,0,0.0
0.631579,0,0.0,0,0.0,5,1.0,6,1.0
0.632124,0,0.0,0,0.0,1,1.0,0,0.0
0.632653,0,0.0,0,0.0,1,1.0,0,0.0
0.633333,0,0.0,0,0.0,1,1.0,0,0.0
0.633663,0,0.0,0,0.0,1,0.0,0,0.0
0.634146,0,0.0,0,0.0,3,1.0,1,1.0
0.635417,0,0.0,0,0.0,2,1.0,2,1.0
0.636,0,0.0,0,0.0,1,1.0,0,0.0
0.636364,0,0.0,0,0.0,17,1.0,6,1.0
0.63745,0,0.0,0,0.0,1,1.0,0,0.0
0.637931,0,0.0,0,0.0,1,1.0,0,0.0
0.638889,0,0.0,0,0.0,1,1.0,0,0.0
0.64,0,0.0,0,0.0,4,1.0,0,0.0
0.641509,0,0.0,0,0.0,2,1.0,0,0.0
0.642105,0,0.0,0,0.0,3,1.0,3,1.0
0.642487,0,0.0,0,0.0,1,1.0,2,1.0
0.642857,0,0.0,0,0.0,4,1.0,0,0.0
0.645161,0,0.0,0,0.0,1,1.0,0,0.0
0.645503,0,0.0,0,0.0,3,1.0,0,0.0
0.647059,0,0.0,0,0.0,11,1.0,13,1.0
0.647668,0,0.0,0,0.0,1,1.0,2,1.0
0.648148,0,0.0,0,0.0,2,1.0,0,0.0
0.65,0,0.0,0,0.0,10,1.0,2,1.0
0.651163,0,0.0,0,0.0,2,1.0,3,1.0
0.652174,0,0.0,0,0.0,2,1.0,0,0.0
0.652632,0,0.0,0,0.0,1,1.0,5,1.0
0.653061,0,0.0,0,0.0,4,1.0,0,0.0
0.653846,0,0.0,0,0.0,2,1.0,2,1.0
0.654545,0,0.0,0,0.0,1,1.0,0,0.0
0.655172,0,0.0,0,0.0,3,1.0,3,1.0
0.65625,0,0.0,0,0.0,2,1.0,4,1.0
0.656489,0,0.0,0,0.0,1,1.0,0,0.0
0.657143,0,0.0,0,0.0,2,1.0,3,1.0
0.658031,0,0.0,0,0.0,1,1.0,1,1.0
0.658537,0,0.0,0,0.0,1,1.0,0,0.0
0.661355,0,0.0,0,0.0,1,1.0,0,0.0
0.661376,0,0.0,0,0.0,1,1.0,0,0.0
0.661538,0,0.0,0,0.0,2,1.0,0,0.0
0.662162,0,0.0,0,0.0,1,1.0,0,0.0
0.662921,0,0.0,0,0.0,2,1.0,0,0.0
0.663158,0,0.0,0,0.0,2,1.0,4,1.0
0.663717,0,0.0,0,0.0,1,1.0,0,0.0
0.666667,0,0.0,0,0.0,197,0.9898477157360406,158,0.9810126582278481
0.668103,0,0.0,0,0.0,1,1.0,0,0.0
0.668539,0,0.0,0,0.0,1,1.0,0,0.0
0.669323,0,0.0,0,0.0,1,1.0,0,0.0
0.671756,0,0.0,0,0.0,1,1.0,0,0.0
0.671795,0,0.0,0,0.0,1,1.0,0,0.0
0.672566,0,0.0,0,0.0,1,1.0,0,0.0
0.672727,0,0.0,0,0.0,1,1.0,0,0.0
0.673469,0,0.0,0,0.0,3,1.0,2,1.0
0.673684,0,0.0,0,0.0,2,1.0,12,1.0
0.674419,0,0.0,0,0.0,1,1.0,2,1.0
0.675,0,0.0,0,0.0,4,1.0,0,0.0
0.676471,0,0.0,0,0.0,2,1.0,0,0.0
0.676923,0,0.0,0,0.0,2,1.0,0,0.0
0.677249,0,0.0,0,0.0,2,1.0,0,0.0
0.677419,0,0.0,0,0.0,3,1.0,0,0.0
0.678571,0,0.0,0,0.0,1,1.0,1,1.0
0.678756,0,0.0,0,0.0,1,1.0,0,0.0
0.679245,0,0.0,0,0.0,1,1.0,0,0.0
0.68,0,0.0,0,0.0,2,1.0,0,0.0
0.680556,0,0.0,0,0.0,1,1.0,0,0.0
0.681034,0,0.0,0,0.0,1,1.0,0,0.0
0.681159,0,0.0,0,0.0,1,1.0,0,0.0
0.681416,0,0.0,0,0.0,2,1.0,0,0.0
0.681818,0,0.0,0,0.0,4,1.0,3,1.0
0.682051,0,0.0,0,0.0,1,1.0,0,0.0
0.682243,0,0.0,0,0.0,1,1.0,0,0.0
0.682927,0,0.0,0,0.0,2,1.0,0,0.0
0.684211,0,0.0,0,0.0,1,1.0,4,1.0
0.685345,0,0.0,0,0.0,1,1.0,0,0.0
0.685484,0,0.0,0,0.0,1,1.0,0,0.0
0.685714,0,0.0,0,0.0,8,1.0,7,1.0
0.686275,0,0.0,0,0.0,1,1.0,0,0.0
0.687179,0,0.0,0,0.0,1,1.0,0,0.0
0.6875,0,0.0,0,0.0,8,1.0,7,1.0
0.687831,0,0.0,0,0.0,1,1.0,0,0.0
0.688889,0,0.0,0,0.0,2,1.0,0,0.0
0.689655,0,0.0,0,0.0,2,1.0,1,1.0
0.690265,0,0.0,0,0.0,1,1.0,0,0.0
0.690763,0,0.0,0,0.0,1,1.0,0,0.0
0.692,0,0.0,0,0.0,1,1.0,0,0.0
0.692308,0,0.0,0,0.0,28,1.0,26,0.9615384615384616
0.693878,0,0.0,0,0.0,5,1.0,5,1.0
0.694444,0,0.0,0,0.0,1,1.0,1,1.0
0.694737,0,0.0,0,0.0,1,1.0,3,1.0
0.694915,0,0.0,0,0.0,1,1.0,0,0.0
0.695652,0,0.0,0,0.0,2,1.0,0,0.0
0.69697,0,0.0,0,0.0,6,1.0,3,1.0
0.697674,0,0.0,0,0.0,1,1.0,0,0.0
0.697917,0,0.0,0,0.0,1,1.0,0,0.0
0.699115,0,0.0,0,0.0,2,1.0,0,0.0
0.699482,0,0.0,0,0.0,1,1.0,1,1.0
0.7,0,0.0,0,0.0,18,0.8888888888888888,8,1.0
0.701754,0,0.0,0,0.0,2,1.0,0,0.0
0.703704,0,0.0,0,0.0,3,1.0,1,1.0
0.705263,0,0.0,0,0.0,1,1.0,1,1.0
0.705882,0,0.0,0,0.0,16,0.9375,13,1.0
0.706897,0,0.0,0,0.0,1,1.0,0,0.0
0.707317,0,0.0,0,0.0,2,1.0,0,0.0
0.707692,0,0.0,0,0.0,1,1.0,0,0.0
0.707965,0,0.0,0,0.0,1,1.0,0,0.0
0.708333,0,0.0,0,0.0,2,1.0,0,0.0
0.708995,0,0.0,0,0.0,1,1.0,0,0.0
0.709677,0,0.0,0,0.0,5,1.0,1,0.0
0.709845,0,0.0,0,0.0,1,1.0,0,0.0
0.711111,0,0.0,0,0.0,5,1.0,0,0.0
0.712821,0,0.0,0,0.0,2,1.0,0,0.0
0.714286,0,0.0,0,0.0,32,0.96875,31,1.0
0.715789,0,0.0,0,0.0,1,1.0,0,0.0
0.716667,0,0.0,0,0.0,1,1.0,0,0.0
0.716981,0,0.0,0,0.0,1,1.0,0,0.0
0.717131,0,0.0,0,0.0,1,1.0,0,0.0
0.717949,0,0.0,0,0.0,2,1.0,0,0.0
0.719298,0,0.0,0,0.0,1,1.0,0,0.0
0.72,0,0.0,0,0.0,1,1.0,0,0.0
0.721154,0,0.0,0,0.0,1,1.0,0,0.0
0.722222,0,0.0,0,0.0,5,0.8,1,0.0
0.723077,0,0.0,0,0.0,3,1.0,0,0.0
0.724138,0,0.0,0,0.0,2,1.0,0,0.0
0.725,0,0.0,0,0.0,3,1.0,0,0.0
0.725191,0,0.0,0,0.0,1,1.0,1,1.0
0.725806,0,0.0,0,0.0,1,1.0,0,0.0
0.726027,0,0.0,0,0.0,1,1.0,0,0.0
0.726316,0,0.0,0,0.0,3,1.0,0,0.0
0.727273,0,0.0,0,0.0,21,1.0,18,1.0
0.728205,0,0.0,0,0.0,1,1.0,0,0.0
0.729167,0,0.0,0,0.0,1,1.0,0,0.0
0.730159,0,0.0,0,0.0,1,1.0,0,0.0
0.731481,0,0.0,0,0.0,1,1.0,0,0.0
0.731707,0,0.0,0,0.0,2,1.0,0,0.0
0.733333,0,0.0,0,0.0,17,1.0,9,1.0
0.734694,0,0.0,0,0.0,1,1.0,2,1.0
0.735294,0,0.0,0,0.0,2,1.0,0,0.0
0.73545,0,0.0,0,0.0,1,1.0,0,0.0
0.735849,0,0.0,0,0.0,1,1.0,1,1.0
0.736842,0,0.0,0,0.0,10,1.0,6,1.0
0.738095,0,0.0,0,0.0,1,1.0,0,0.0
0.738462,0,0.0,0,0.0,2,1.0,0,0.0
0.73913,0,0.0,0,0.0,3,1.0,0,0.0
0.74,0,0.0,0,0.0,1,1.0,0,0.0
0.740741,0,0.0,0,0.0,3,1.0,0,0.0
0.741379,0,0.0,0,0.0,2,1.0,0,0.0
0.741935,0,0.0,0,0.0,3,1.0,0,0.0
0.742424,0,0.0,0,0.0,1,1.0,0,0.0
0.742857,0,0.0,0,0.0,5,1.0,2,1.0
0.743363,0,0.0,0,0.0,2,1.0,0,0.0
0.74359,0,0.0,0,0.0,1,1.0,0,0.0
0.745098,0,0.0,0,0.0,2,1.0,2,1.0
0.745455,0,0.0,0,0.0,1,1.0,0,0.0
0.746032,0,0.0,0,0.0,1,1.0,0,0.0
0.746114,0,0.0,0,0.0,2,1.0,0,0.0
0.746479,0,0.0,0,0.0,2,1.0,0,0.0
0.747664,0,0.0,0,0.0,2,1.0,0,0.0
0.75,0,0.0,0,0.0,154,1.0,118,0.9915254237288136
0.751323,0,0.0,0,0.0,1,1.0,0,0.0
0.752212,0,0.0,0,0.0,1,1.0,0,0.0
0.753623,0,0.0,0,0.0,1,1.0,0,0.0
0.753846,0,0.0,0,0.0,3,1.0,0,0.0
0.755102,0,0.0,0,0.0,3,1.0,1,1.0
0.755556,0,0.0,0,0.0,3,1.0,0,0.0
0.756098,0,0.0,0,0.0,1,1.0,0,0.0
0.757576,0,0.0,0,0.0,5,1.0,23,1.0
0.757895,0,0.0,0,0.0,1,1.0,0,0.0
0.758621,0,0.0,0,0.0,7,1.0,0,0.0
0.760417,0,0.0,0,0.0,1,1.0,0,0.0
0.761062,0,0.0,0,0.0,2,1.0,0,0.0
0.761658,0,0.0,0,0.0,1,1.0,0,0.0
0.761905,0,0.0,0,0.0,10,1.0,6,1.0
0.763636,0,0.0,0,0.0,1,1.0,0,0.0
0.764103,0,0.0,0,0.0,1,1.0,0,0.0
0.764706,0,0.0,0,0.0,11,1.0,9,1.0
0.765625,0,0.0,0,0.0,1,1.0,0,0.0
0.766667,0,0.0,0,0.0,2,1.0,0,0.0
0.767196,0,0.0,0,0.0,1,1.0,0,0.0
0.768421,0,0.0,0,0.0,1,1.0,0,0.0
0.769231,0,0.0,0,0.0,23,1.0,19,0.9473684210526315
0.769912,0,0.0,0,0.0,5,1.0,0,0.0
0.770833,0,0.0,0,0.0,1,1.0,0,0.0
0.771429,0,0.0,0,0.0,7,1.0,4,1.0
0.77193,0,0.0,0,0.0,1,1.0,0,0.0
0.772487,0,0.0,0,0.0,1,1.0,0,0.0
0.772727,0,0.0,0,0.0,11,1.0,6,1.0
0.773585,0,0.0,0,0.0,2,1.0,1,1.0
0.774194,0,0.0,0,0.0,1,1.0,0,0.0
0.775,0,0.0,0,0.0,2,1.0,0,0.0
0.77551,0,0.0,0,0.0,3,1.0,2,1.0
0.776316,0,0.0,0,0.0,1,1.0,0,0.0
0.777778,0,0.0,0,0.0,32,0.96875,14,1.0
0.778761,0,0.0,0,0.0,1,1.0,0,0.0
0.778947,0,0.0,0,0.0,1,1.0,0,0.0
0.780488,0,0.0,0,0.0,2,1.0,0,0.0
0.780822,0,0.0,0,0.0,1,1.0,0,0.0
0.78125,0,0.0,0,0.0,2,1.0,0,0.0
0.781818,0,0.0,0,0.0,1,1.0,0,0.0
0.782609,0,0.0,0,0.0,1,1.0,0,0.0
0.783069,0,0.0,0,0.0,4,1.0,0,0.0
0.784314,0,0.0,0,0.0,1,1.0,1,1.0
0.785714,0,0.0,0,0.0,32,1.0,6,1.0
0.787611,0,0.0,0,0.0,4,1.0,0,0.0
0.787879,0,0.0,0,0.0,5,1.0,2,1.0
0.78836,0,0.0,0,0.0,1,1.0,0,0.0
0.789474,0,0.0,0,0.0,11,1.0,2,1.0
0.789744,0,0.0,0,0.0,1,1.0,0,0.0
0.791667,0,0.0,0,0.0,3,1.0,0,0.0
0.792453,0,0.0,0,0.0,1,1.0,0,0.0
0.793103,0,0.0,0,0.0,1,1.0,0,0.0
0.793651,0,0.0,0,0.0,1,1.0,0,0.0
0.794118,0,0.0,0,0.0,3,1.0,0,0.0
0.794872,0,0.0,0,0.0,1,1.0,0,0.0
0.795699,0,0.0,0,0.0,1,1.0,0,0.0
0.795918,0,0.0,0,0.0,3,1.0,4,1.0
0.79646,0,0.0,0,0.0,2,1.0,0,0.0
0.79661,0,0.0,0,0.0,1,1.0,0,0.0
0.796875,0,0.0,0,0.0,2,1.0,0,0.0
0.797297,0,0.0,0,0.0,1,1.0,0,0.0
0.798942,0,0.0,0,0.0,1,1.0,0,0.0
0.8,0,0.0,0,0.0,103,1.0,80,1.0
0.80303,0,0.0,0,0.0,1,1.0,0,0.0
0.803109,0,0.0,0,0.0,1,1.0,0,0.0
0.803922,0,0.0,0,0.0,3,1.0,0,0.0
0.804233,0,0.0,0,0.0,2,1.0,0,0.0
0.80531,0,0.0,0,0.0,6,1.0,0,0.0
0.805556,0,0.0,0,0.0,2,1.0,1,1.0
0.806452,0,0.0,0,0.0,5,1.0,9,1.0
0.807692,0,0.0,0,0.0,1,1.0,2,1.0
0.808219,0,0.0,0,0.0,1,1.0,0,0.0
0.809524,0,0.0,0,0.0,6,1.0,9,1.0
0.811765,0,0.0,0,0.0,1,1.0,0,0.0
0.8125,0,0.0,0,0.0,5,1.0,11,1.0
0.814159,0,0.0,0,0.0,6,1.0,0,0.0
0.814815,0,0.0,0,0.0,5,1.0,1,1.0
0.816327,0,0.0,0,0.0,3,1.0,0,0.0
0.816667,0,0.0,0,0.0,1,1.0,0,0.0
0.817204,0,0.0,0,0.0,1,1.0,0,0.0
0.818182,0,0.0,0,0.0,25,1.0,8,1.0
0.82,0,0.0,0,0.0,1,1.0,0,0.0
0.820106,0,0.0,0,0.0,2,1.0,0,0.0
0.821429,0,0.0,0,0.0,34,1.0,4,1.0
0.822222,0,0.0,0,0.0,7,1.0,3,1.0
0.822917,0,0.0,0,0.0,1,1.0,0,0.0
0.823009,0,0.0,0,0.0,4,1.0,0,0.0
0.823529,0,0.0,0,0.0,29,1.0,17,1.0
0.824324,0,0.0,0,0.0,1,1.0,0,0.0
0.824561,0,0.0,0,0.0,1,1.0,0,0.0
0.825,0,0.0,0,0.0,1,1.0,0,0.0
0.825397,0,0.0,0,0.0,2,1.0,1,1.0
0.826087,0,0.0,0,0.0,2,1.0,2,1.0
0.827586,0,0.0,0,0.0,3,1.0,1,1.0
0.827957,0,0.0,0,0.0,1,1.0,0,0.0
0.828125,0,0.0,0,0.0,3,1.0,0,0.0
0.828571,0,0.0,0,0.0,6,1.0,4,1.0
0.828947,0,0.0,0,0.0,1,1.0,0,0.0
0.829268,0,0.0,0,0.0,2,1.0,1,1.0
0.830189,0,0.0,0,0.0,1,1.0,0,0.0
0.830986,0,0.0,0,0.0,1,1.0,1,1.0
0.831579,0,0.0,0,0.0,2,1.0,0,0.0
0.831858,0,0.0,0,0.0,7,1.0,0,0.0
0.833333,0,0.0,0,0.0,61,1.0,45,0.9777777777777777
0.835294,0,0.0,0,0.0,1,1.0,0,0.0
0.835979,0,0.0,0,0.0,3,1.0,0,0.0
0.836735,0,0.0,0,0.0,5,1.0,3,1.0
0.837838,0,0.0,0,0.0,1,1.0,0,0.0
0.83871,0,0.0,0,0.0,3,1.0,1,1.0
0.839378,0,0.0,0,0.0,1,1.0,0,0.0
0.840708,0,0.0,0,0.0,4,1.0,0,0.0
0.841026,0,0.0,0,0.0,1,1.0,0,0.0
0.842105,0,0.0,0,0.0,14,1.0,20,1.0
0.843137,0,0.0,0,0.0,1,1.0,0,0.0
0.843373,0,0.0,0,0.0,1,1.0,0,0.0
0.84375,0,0.0,0,0.0,1,1.0,2,1.0
0.844444,0,0.0,0,0.0,6,1.0,0,0.0
0.846154,0,0.0,0,0.0,17,1.0,25,0.96
0.848485,0,0.0,0,0.0,1,1.0,4,1.0
0.849057,0,0.0,0,0.0,1,1.0,3,1.0
0.849315,0,0.0,0,0.0,1,1.0,0,0.0
0.849558,0,0.0,0,0.0,4,1.0,0,0.0
0.85,0,0.0,0,0.0,8,1.0,7,1.0
0.851351,0,0.0,0,0.0,1,1.0,0,0.0
0.851852,0,0.0,0,0.0,2,1.0,2,1.0
0.852632,0,0.0,0,0.0,1,1.0,0,0.0
0.852941,0,0.0,0,0.0,2,1.0,0,0.0
0.853333,0,0.0,0,0.0,1,1.0,0,0.0
0.853659,0,0.0,0,0.0,1,1.0,10,1.0
0.854167,0,0.0,0,0.0,4,1.0,0,0.0
0.854839,0,0.0,0,0.0,1,1.0,0,0.0
0.857143,0,0.0,0,0.0,99,1.0,135,1.0
0.858407,0,0.0,0,0.0,9,1.0,0,0.0
0.859375,0,0.0,0,0.0,1,1.0,1,1.0
0.86,0,0.0,0,0.0,2,1.0,0,0.0
0.860215,0,0.0,0,0.0,5,1.0,0,0.0
0.861111,0,0.0,0,0.0,6,1.0,3,1.0
0.862069,0,0.0,0,0.0,1,1.0,0,0.0
0.862745,0,0.0,0,0.0,1,1.0,17,1.0
0.863636,0,0.0,0,0.0,8,1.0,3,1.0
0.864865,0,0.0,0,0.0,1,1.0,0,0.0
0.866667,0,0.0,0,0.0,20,1.0,9,1.0
0.867257,0,0.0,0,0.0,1,1.0,0,0.0
0.869048,0,0.0,0,0.0,1,1.0,0,0.0
0.869565,0,0.0,0,0.0,2,1.0,1,0.0
0.870968,0,0.0,0,0.0,4,1.0,2,1.0
0.871429,0,0.0,0,0.0,1,1.0,1,1.0
0.871795,0,0.0,0,0.0,2,1.0,0,0.0
0.873016,0,0.0,0,0.0,3,1.0,0,0.0
0.873684,0,0.0,0,0.0,2,1.0,0,0.0
0.875,0,0.0,0,0.0,99,0.98989898989899,89,0.9887640449438202
0.875648,0,0.0,0,0.0,1,1.0,0,0.0
0.876106,0,0.0,0,0.0,1,1.0,0,0.0
0.876712,0,0.0,0,0.0,1,1.0,0,0.0
0.877551,0,0.0,0,0.0,1,1.0,2,1.0
0.878049,0,0.0,0,0.0,1,1.0,0,0.0
0.878378,0,0.0,0,0.0,2,1.0,0,0.0
0.88,0,0.0,0,0.0,1,1.0,1,1.0
0.880952,0,0.0,0,0.0,1,1.0,0,0.0
0.881579,0,0.0,0,0.0,1,1.0,0,0.0
0.88172,0,0.0,0,0.0,2,1.0,0,0.0
0.882353,0,0.0,0,0.0,23,1.0,16,1.0
0.883333,0,0.0,0,0.0,1,1.0,0,0.0
0.883598,0,0.0,0,0.0,1,1.0,0,0.0
0.884058,0,0.0,0,0.0,2,1.0,0,0.0
0.884956,0,0.0,0,0.0,5,1.0,0,0.0
0.886792,0,0.0,0,0.0,1,1.0,0,0.0
0.8875,0,0.0,0,0.0,2,1.0,0,0.0
0.888889,0,0.0,0,0.0,63,1.0,68,1.0
0.890625,0,0.0,0,0.0,1,1.0,0,0.0
0.891892,0,0.0,0,0.0,1,1.0,0,0.0
0.892473,0,0.0,0,0.0,4,1.0,0,0.0
0.892857,0,0.0,0,0.0,4,1.0,4,1.0
0.893805,0,0.0,0,0.0,3,1.0,0,0.0
0.894737,0,0.0,0,0.0,10,1.0,12,1.0
0.895833,0,0.0,0,0.0,1,1.0,1,1.0
0.896373,0,0.0,0,0.0,1,1.0,0,0.0
0.896552,0,0.0,0,0.0,4,1.0,8,1.0
0.897959,0,0.0,0,0.0,3,1.0,5,1.0
0.898551,0,0.0,0,0.0,3,1.0,1,1.0
0.899471,0,0.0,0,0.0,1,1.0,0,0.0
0.9,0,0.0,0,0.0,61,1.0,51,1.0
0.901961,0,0.0,0,0.0,3,1.0,2,1.0
0.902655,0,0.0,0,0.0,8,1.0,0,0.0
0.902778,0,0.0,0,0.0,1,1.0,0,0.0
0.903226,0,0.0,0,0.0,7,1.0,2,1.0
0.90411,0,0.0,0,0.0,2,1.0,0,0.0
0.904762,0,0.0,0,0.0,7,1.0,3,1.0
0.905405,0,0.0,0,0.0,5,1.0,0,0.0
0.906667,0,0.0,0,0.0,1,1.0,1,1.0
0.907895,0,0.0,0,0.0,1,1.0,0,0.0
0.909091,0,0.0,0,0.0,43,1.0,37,1.0
0.910714,0,0.0,0,0.0,2,1.0,2,1.0
0.911111,0,0.0,0,0.0,7,1.0,4,1.0
0.911504,0,0.0,0,0.0,2,1.0,1,1.0
0.9125,0,0.0,0,0.0,4,1.0,0,0.0
0.913978,0,0.0,0,0.0,4,1.0,0,0.0
0.914286,0,0.0,0,0.0,3,1.0,0,0.0
0.915344,0,0.0,0,0.0,1,1.0,0,0.0
0.916667,0,0.0,0,0.0,34,1.0,33,1.0
0.917808,0,0.0,0,0.0,2,1.0,0,0.0
0.918367,0,0.0,0,0.0,5,1.0,2,1.0
0.918919,0,0.0,0,0.0,4,1.0,0,0.0
0.919355,0,0.0,0,0.0,1,1.0,0,0.0
0.92,0,0.0,0,0.0,3,1.0,0,0.0
0.920354,0,0.0,0,0.0,4,1.0,0,0.0
0.920635,0,0.0,0,0.0,1,1.0,1,1.0
0.921569,0,0.0,0,0.0,7,1.0,2,1.0
0.922078,0,0.0,0,0.0,1,1.0,1,1.0
0.923077,0,0.0,0,0.0,54,1.0,71,1.0
0.925,0,0.0,0,0.0,7,1.0,7,1.0
0.925926,0,0.0,0,0.0,10,1.0,1,1.0
0.928571,0,0.0,0,0.0,37,1.0,39,1.0
0.929204,0,0.0,0,0.0,1,1.0,0,0.0
0.930556,0,0.0,0,0.0,3,1.0,0,0.0
0.931034,0,0.0,0,0.0,1,1.0,10,1.0
0.931217,0,0.0,0,0.0,1,1.0,0,0.0
0.931507,0,0.0,0,0.0,3,1.0,1,1.0
0.932432,0,0.0,0,0.0,14,1.0,0,0.0
0.933333,0,0.0,0,0.0,47,1.0,54,1.0
0.934426,0,0.0,0,0.0,1,1.0,0,0.0
0.935484,0,0.0,0,0.0,21,1.0,5,1.0
0.936508,0,0.0,0,0.0,4,1.0,0,0.0
0.9375,0,0.0,0,0.0,12,1.0,9,1.0
0.938776,0,0.0,0,0.0,2,1.0,15,1.0
0.939394,0,0.0,0,0.0,1,1.0,19,1.0
0.941176,0,0.0,0,0.0,23,1.0,42,1.0
0.942308,0,0.0,0,0.0,2,1.0,0,0.0
0.942857,0,0.0,0,0.0,2,1.0,6,1.0
0.944444,0,0.0,0,0.0,3,1.0,9,1.0
0.945205,0,0.0,0,0.0,2,1.0,0,0.0
0.945946,0,0.0,0,0.0,19,1.0,1,1.0
0.946429,0,0.0,0,0.0,4,1.0,8,1.0
0.947368,0,0.0,0,0.0,6,1.0,9,1.0
0.95,0,0.0,0,0.0,37,1.0,48,1.0
0.95082,0,0.0,0,0.0,2,1.0,0,0.0
0.952381,0,0.0,0,0.0,15,1.0,16,1.0
0.953488,0,0.0,0,0.0,4,1.0,1,1.0
0.954545,0,0.0,0,0.0,19,1.0,28,1.0
0.957143,0,0.0,0,0.0,1,1.0,2,1.0
0.957672,0,0.0,0,0.0,1,1.0,2,1.0
0.958333,0,0.0,0,0.0,4,1.0,8,1.0
0.959184,0,0.0,0,0.0,6,1.0,9,1.0
0.959459,0,0.0,0,0.0,11,1.0,55,1.0
0.96,0,0.0,0,0.0,3,1.0,1,1.0
0.960784,0,0.0,0,0.0,1,1.0,0,0.0
0.96124,0,0.0,0,0.0,1,1.0,0,0.0
0.961538,0,0.0,0,0.0,7,1.0,0,0.0
0.962963,0,0.0,0,0.0,68,1.0,94,1.0
0.964286,0,0.0,0,0.0,7,1.0,13,1.0
0.966667,0,0.0,0,0.0,21,1.0,79,1.0
0.967213,0,0.0,0,0.0,1,1.0,0,0.0
0.967742,0,0.0,0,0.0,26,1.0,58,1.0
0.96875,0,0.0,0,0.0,1,1.0,0,0.0
0.968992,0,0.0,0,0.0,1,1.0,0,0.0
0.969231,0,0.0,0,0.0,2,1.0,0,0.0
0.969697,0,0.0,0,0.0,11,1.0,17,1.0
0.971014,0,0.0,0,0.0,1,1.0,0,0.0
0.971429,0,0.0,0,0.0,1,1.0,0,0.0
0.972222,0,0.0,0,0.0,4,1.0,26,1.0
0.972603,0,0.0,0,0.0,2,1.0,5,1.0
0.972973,0,0.0,0,0.0,2,1.0,9,1.0
0.973333,0,0.0,0,0.0,2,1.0,7,1.0
0.97619,0,0.0,0,0.0,19,1.0,31,1.0
0.976744,0,0.0,0,0.0,5,1.0,8,1.0
0.976923,0,0.0,0,0.0,1,1.0,0,0.0
0.977099,0,0.0,0,0.0,2,1.0,0,0.0
0.980769,0,0.0,0,0.0,83,1.0,92,1.0
0.982143,0,0.0,0,0.0,3,1.0,0,0.0
0.983333,0,0.0,0,0.0,5,1.0,0,0.0
0.983607,0,0.0,0,0.0,1,1.0,5,1.0
0.984127,0,0.0,0,0.0,1,1.0,8,1.0
0.984375,0,0.0,0,0.0,2,1.0,10,1.0
0.984496,0,0.0,0,0.0,1,1.0,0,0.0
0.984615,0,0.0,0,0.0,4,1.0,4,1.0
0.984733,0,0.0,0,0.0,1,1.0,0,0.0
0.986111,0,0.0,0,0.0,1,1.0,0,0.0
0.986667,0,0.0,0,0.0,2,1.0,0,0.0
0.992248,0,0.0,0,0.0,12,1.0,15,1.0
0.992308,0,0.0,0,0.0,7,1.0,14,1.0
0.992366,0,0.0,0,0.0,10,1.0,13,1.0
0.992908,0,0.0,0,0.0,3,1.0,3,1.0
0.992958,0,0.0,0,0.0,2,1.0,2,1.0
1.0,125,0.608,89,0.6179775280898876,0,0.0,0,0.0
0.955556,0,0.0,0,0.0,0,0.0,7,1.0
0.0424528,0,0.0,0,0.0,0,0.0,1,1.0
0.432432,0,0.0,0,0.0,0,0.0,1,1.0
0.172727,0,0.0,0,0.0,0,0.0,1,0.0
0.465517,0,0.0,0,0.0,0,0.0,2,1.0
0.550607,0,0.0,0,0.0,0,0.0,1,1.0
0.185484,0,0.0,0,0.0,0,0.0,1,1.0
0.349138,0,0.0,0,0.0,0,0.0,1,1.0
0.34,0,0.0,0,0.0,0,0.0,2,1.0
0.456,0,0.0,0,0.0,0,0.0,1,1.0
0.0120968,0,0.0,0,0.0,0,0.0,1,1.0
0.864407,0,0.0,0,0.0,0,0.0,1,1.0
0.985714,0,0.0,0,0.0,0,0.0,2,1.0
0.556701,0,0.0,0,0.0,0,0.0,2,1.0
0.442105,0,0.0,0,0.0,0,0.0,2,1.0
0.656716,0,0.0,0,0.0,0,0.0,1,1.0
0.489691,0,0.0,0,0.0,0,0.0,1,1.0
0.573705,0,0.0,0,0.0,0,0.0,1,1.0
0.331897,0,0.0,0,0.0,0,0.0,1,1.0
0.886364,0,0.0,0,0.0,0,0.0,2,1.0
0.586854,0,0.0,0,0.0,0,0.0,1,1.0
0.949153,0,0.0,0,0.0,0,0.0,1,1.0
0.157025,0,0.0,0,0.0,0,0.0,1,1.0
0.404762,0,0.0,0,0.0,0,0.0,1,1.0
0.427835,0,0.0,0,0.0,0,0.0,1,1.0
0.032967,0,0.0,0,0.0,0,0.0,2,1.0
0.179245,0,0.0,0,0.0,0,0.0,1,1.0
0.259259,0,0.0,0,0.0,0,0.0,10,1.0
0.0795455,0,0.0,0,0.0,0,0.0,1,1.0
0.196078,0,0.0,0,0.0,0,0.0,1,1.0
0.10757,0,0.0,0,0.0,0,0.0,1,1.0
0.232323,0,0.0,0,0.0,0,0.0,1,1.0
0.825758,0,0.0,0,0.0,0,0.0,1,1.0
0.569106,0,0.0,0,0.0,0,0.0,1,1.0
0.942029,0,0.0,0,0.0,0,0.0,2,1.0
0.015625,0,0.0,0,0.0,0,0.0,3,1.0
0.84507,0,0.0,0,0.0,0,0.0,1,1.0
0.447761,0,0.0,0,0.0,0,0.0,1,1.0
0.71875,0,0.0,0,0.0,0,0.0,2,1.0
0.282051,0,0.0,0,0.0,0,0.0,1,1.0
0.568548,0,0.0,0,0.0,0,0.0,1,1.0
0.712963,0,0.0,0,0.0,0,0.0,1,1.0
0.540541,0,0.0,0,0.0,0,0.0,1,1.0
0.550562,0,0.0,0,0.0,0,0.0,1,1.0
0.257732,0,0.0,0,0.0,0,0.0,1,1.0
0.927273,0,0.0,0,0.0,0,0.0,2,1.0
0.0842105,0,0.0,0,0.0,0,0.0,2,1.0
0.685185,0,0.0,0,0.0,0,0.0,1,1.0
0.108911,0,0.0,0,0.0,0,0.0,1,0.0
0.605578,0,0.0,0,0.0,0,0.0,1,1.0
0.777202,0,0.0,0,0.0,0,0.0,1,1.0
0.307087,0,0.0,0,0.0,0,0.0,1,1.0
0.588,0,0.0,0,0.0,0,0.0,1,1.0
0.0808081,0,0.0,0,0.0,0,0.0,3,1.0
0.913793,0,0.0,0,0.0,0,0.0,1,1.0
0.581818,0,0.0,0,0.0,0,0.0,1,1.0
0.605263,0,0.0,0,0.0,0,0.0,2,1.0
0.169355,0,0.0,0,0.0,0,0.0,1,1.0
0.694301,0,0.0,0,0.0,0,0.0,2,1.0
0.929825,0,0.0,0,0.0,0,0.0,4,1.0
0.986842,0,0.0,0,0.0,0,0.0,4,1.0
0.195219,0,0.0,0,0.0,0,0.0,1,0.0
0.973545,0,0.0,0,0.0,0,0.0,37,1.0
0.988235,0,0.0,0,0.0,0,0.0,3,1.0
0.164835,0,0.0,0,0.0,0,0.0,1,1.0
0.06,0,0.0,0,0.0,0,0.0,2,1.0
0.511737,0,0.0,0,0.0,0,0.0,1,1.0
0.219512,0,0.0,0,0.0,0,0.0,1,1.0
0.0816327,0,0.0,0,0.0,0,0.0,1,1.0
0.885714,0,0.0,0,0.0,0,0.0,20,1.0
0.72093,0,0.0,0,0.0,0,0.0,1,1.0
0.955752,0,0.0,0,0.0,0,0.0,58,1.0
0.386139,0,0.0,0,0.0,0,0.0,1,0.0
0.0416667,0,0.0,0,0.0,0,0.0,5,1.0
0.106383,0,0.0,0,0.0,0,0.0,1,1.0
0.185841,0,0.0,0,0.0,0,0.0,1,1.0
0.287449,0,0.0,0,0.0,0,0.0,1,1.0
0.157407,0,0.0,0,0.0,0,0.0,2,1.0
0.262911,0,0.0,0,0.0,0,0.0,1,1.0
0.262136,0,0.0,0,0.0,0,0.0,1,1.0
0.90625,0,0.0,0,0.0,0,0.0,3,1.0
0.986301,0,0.0,0,0.0,0,0.0,9,1.0
0.965517,0,0.0,0,0.0,0,0.0,4,1.0
0.287129,0,0.0,0,0.0,0,0.0,1,0.0
0.401869,0,0.0,0,0.0,0,0.0,1,1.0
0.804878,0,0.0,0,0.0,0,0.0,5,1.0
0.878788,0,0.0,0,0.0,0,0.0,4,1.0
0.867925,0,0.0,0,0.0,0,0.0,2,1.0
0.164179,0,0.0,0,0.0,0,0.0,1,1.0
0.570093,0,0.0,0,0.0,0,0.0,1,1.0
0.951613,0,0.0,0,0.0,0,0.0,2,1.0
0.759259,0,0.0,0,0.0,0,0.0,1,1.0
0.552419,0,0.0,0,0.0,0,0.0,1,1.0
0.215686,0,0.0,0,0.0,0,0.0,1,1.0
0.177778,0,0.0,0,0.0,0,0.0,2,1.0
0.662651,0,0.0,0,0.0,0,0.0,1,1.0
0.0199203,0,0.0,0,0.0,0,0.0,1,1.0
0.57732,0,0.0,0,0.0,0,0.0,1,1.0
0.0722892,0,0.0,0,0.0,0,0.0,6,1.0
0.816794,0,0.0,0,0.0,0,0.0,1,1.0
0.329545,0,0.0,0,0.0,0,0.0,3,1.0
0.704663,0,0.0,0,0.0,0,0.0,2,1.0
0.060241,0,0.0,0,0.0,0,0.0,1,1.0
0.469388,0,0.0,0,0.0,0,0.0,3,1.0
0.597938,0,0.0,0,0.0,0,0.0,1,1.0
0.664,0,0.0,0,0.0,0,0.0,1,1.0
0.0551181,0,0.0,0,0.0,0,0.0,2,0.5
0.0827068,0,0.0,0,0.0,0,0.0,1,1.0
0.645833,0,0.0,0,0.0,0,0.0,6,1.0
0.945455,0,0.0,0,0.0,0,0.0,3,1.0
0.58427,0,0.0,0,0.0,0,0.0,1,1.0
0.265306,0,0.0,0,0.0,0,0.0,1,1.0
0.677083,0,0.0,0,0.0,0,0.0,1,1.0
0.145833,0,0.0,0,0.0,0,0.0,1,1.0
0.204,0,0.0,0,0.0,0,0.0,1,1.0
0.00803213,0,0.0,0,0.0,0,0.0,1,1.0
0.978261,0,0.0,0,0.0,0,0.0,1,1.0
0.015748,0,0.0,0,0.0,0,0.0,2,0.5
0.348315,0,0.0,0,0.0,0,0.0,1,1.0
0.574899,0,0.0,0,0.0,0,0.0,1,1.0
0.336207,0,0.0,0,0.0,0,0.0,1,1.0
0.471545,0,0.0,0,0.0,0,0.0,1,1.0
0.294821,0,0.0,0,0.0,0,0.0,1,1.0
0.179283,0,0.0,0,0.0,0,0.0,1,1.0
0.510309,0,0.0,0,0.0,0,0.0,1,1.0
0.964602,0,0.0,0,0.0,0,0.0,54,1.0
0.683938,0,0.0,0,0.0,0,0.0,1,1.0
0.987952,0,0.0,0,0.0,0,0.0,1,1.0
0.518135,0,0.0,0,0.0,0,0.0,1,1.0
0.581395,0,0.0,0,0.0,0,0.0,3,1.0
0.494845,0,0.0,0,0.0,0,0.0,2,1.0
0.785047,0,0.0,0,0.0,0,0.0,2,1.0
0.978632,0,0.0,0,0.0,0,0.0,5,1.0
0.979592,0,0.0,0,0.0,0,0.0,3,1.0
0.279793,0,0.0,0,0.0,0,0.0,1,1.0
0.537849,0,0.0,0,0.0,0,0.0,1,1.0
0.357759,0,0.0,0,0.0,0,0.0,1,1.0
0.592,0,0.0,0,0.0,0,0.0,1,1.0
0.927536,0,0.0,0,0.0,0,0.0,2,1.0
0.958904,0,0.0,0,0.0,0,0.0,3,1.0
0.520325,0,0.0,0,0.0,0,0.0,1,1.0
0.344,0,0.0,0,0.0,0,0.0,1,1.0
0.178404,0,0.0,0,0.0,0,0.0,1,1.0
0.194215,0,0.0,0,0.0,0,0.0,1,1.0
0.898305,0,0.0,0,0.0,0,0.0,1,1.0
0.556075,0,0.0,0,0.0,0,0.0,1,1.0
0.973451,0,0.0,0,0.0,0,0.0,1,1.0
0.802083,0,0.0,0,0.0,0,0.0,2,1.0
0.44898,0,0.0,0,0.0,0,0.0,1,1.0
0.661972,0,0.0,0,0.0,0,0.0,1,1.0
0.66,0,0.0,0,0.0,0,0.0,1,1.0
0.454183,0,0.0,0,0.0,0,0.0,1,1.0
0.460674,0,0.0,0,0.0,0,0.0,2,1.0
0.487047,0,0.0,0,0.0,0,0.0,1,1.0
0.0725806,0,0.0,0,0.0,0,0.0,1,1.0
0.287234,0,0.0,0,0.0,0,0.0,1,1.0
0.0606061,0,0.0,0,0.0,0,0.0,3,1.0
0.630522,0,0.0,0,0.0,0,0.0,2,1.0
0.513514,0,0.0,0,0.0,0,0.0,3,1.0
0.579439,0,0.0,0,0.0,0,0.0,3,1.0
0.119522,0,0.0,0,0.0,0,0.0,1,0.0
0.982609,0,0.0,0,0.0,0,0.0,6,1.0
0.466135,0,0.0,0,0.0,0,0.0,1,1.0
0.931818,0,0.0,0,0.0,0,0.0,1,1.0
0.511628,0,0.0,0,0.0,0,0.0,1,1.0
0.0512821,0,0.0,0,0.0,0,0.0,3,1.0
0.973913,0,0.0,0,0.0,0,0.0,1,1.0
0.349398,0,0.0,0,0.0,0,0.0,1,1.0
0.567568,0,0.0,0,0.0,0,0.0,2,1.0
0.698113,0,0.0,0,0.0,0,0.0,1,1.0
0.0120482,0,0.0,0,0.0,0,0.0,1,1.0
0.49004,0,0.0,0,0.0,0,0.0,1,1.0
0.594595,0,0.0,0,0.0,0,0.0,1,1.0
0.54386,0,0.0,0,0.0,0,0.0,1,1.0
0.656,0,0.0,0,0.0,0,0.0,1,1.0
0.964706,0,0.0,0,0.0,0,0.0,1,1.0
0.602804,0,0.0,0,0.0,0,0.0,1,1.0
0.53012,0,0.0,0,0.0,0,0.0,1,1.0
0.561856,0,0.0,0,0.0,0,0.0,1,1.0
0.244898,0,0.0,0,0.0,0,0.0,1,1.0
0.318966,0,0.0,0,0.0,0,0.0,1,1.0
0.962264,0,0.0,0,0.0,0,0.0,1,1.0
0.970588,0,0.0,0,0.0,0,0.0,5,1.0
0.415094,0,0.0,0,0.0,0,0.0,1,1.0
0.621622,0,0.0,0,0.0,0,0.0,3,1.0
0.507463,0,0.0,0,0.0,0,0.0,1,1.0
0.128205,0,0.0,0,0.0,0,0.0,3,1.0
0.528302,0,0.0,0,0.0,0,0.0,2,1.0
0.217822,0,0.0,0,0.0,0,0.0,1,0.0
0.0967742,0,0.0,0,0.0,0,0.0,2,1.0
0.326733,0,0.0,0,0.0,0,0.0,2,0.0
0.155378,0,0.0,0,0.0,0,0.0,1,1.0
0.763359,0,0.0,0,0.0,0,0.0,2,1.0
0.286853,0,0.0,0,0.0,0,0.0,2,0.5
0.429719,0,0.0,0,0.0,0,0.0,2,1.0
0.955224,0,0.0,0,0.0,0,0.0,1,1.0
0.973684,0,0.0,0,0.0,0,0.0,7,1.0
0.0119522,0,0.0,0,0.0,0,0.0,1,1.0
0.912281,0,0.0,0,0.0,0,0.0,1,1.0
0.063745,0,0.0,0,0.0,0,0.0,1,1.0
0.257282,0,0.0,0,0.0,0,0.0,2,1.0
0.162921,0,0.0,0,0.0,0,0.0,1,1.0
0.258427,0,0.0,0,0.0,0,0.0,1,1.0
0.884615,0,0.0,0,0.0,0,0.0,2,0.5
0.276596,0,0.0,0,0.0,0,0.0,1,1.0
0.811321,0,0.0,0,0.0,0,0.0,2,1.0
0.436364,0,0.0,0,0.0,0,0.0,2,1.0
0.464,0,0.0,0,0.0,0,0.0,1,1.0
0.134021,0,0.0,0,0.0,0,0.0,1,1.0
0.292929,0,0.0,0,0.0,0,0.0,1,1.0
0.466019,0,0.0,0,0.0,0,0.0,1,1.0
0.641434,0,0.0,0,0.0,0,0.0,1,1.0
0.637306,0,0.0,0,0.0,0,0.0,1,1.0
0.913043,0,0.0,0,0.0,0,0.0,4,1.0
0.87931,0,0.0,0,0.0,0,0.0,1,1.0
0.316062,0,0.0,0,0.0,0,0.0,1,1.0
0.548,0,0.0,0,0.0,0,0.0,1,1.0
0.606218,0,0.0,0,0.0,0,0.0,1,1.0
0.297753,0,0.0,0,0.0,0,0.0,3,1.0
0.614583,0,0.0,0,0.0,0,0.0,1,1.0
0.650407,0,0.0,0,0.0,0,0.0,1,1.0
0.0412371,0,0.0,0,0.0,0,0.0,1,1.0
0.205882,0,0.0,0,0.0,0,0.0,1,1.0
0.732824,0,0.0,0,0.0,0,0.0,1,1.0
0.372093,0,0.0,0,0.0,0,0.0,1,0.0
0.431452,0,0.0,0,0.0,0,0.0,1,1.0
0.453815,0,0.0,0,0.0,0,0.0,1,1.0
0.53271,0,0.0,0,0.0,0,0.0,3,1.0
0.494024,0,0.0,0,0.0,0,0.0,1,1.0
0.197917,0,0.0,0,0.0,0,0.0,1,1.0
0.568075,0,0.0,0,0.0,0,0.0,1,1.0
0.376404,0,0.0,0,0.0,0,0.0,1,1.0
0.629808,0,0.0,0,0.0,0,0.0,1,1.0
0.813559,0,0.0,0,0.0,0,0.0,1,1.0
0.617886,0,0.0,0,0.0,0,0.0,1,1.0
0.032,0,0.0,0,0.0,0,0.0,1,0.0
0.948276,0,0.0,0,0.0,0,0.0,1,1.0
0.542056,0,0.0,0,0.0,0,0.0,1,1.0
0.570281,0,0.0,0,0.0,0,0.0,1,1.0
0.64486,0,0.0,0,0.0,0,0.0,2,1.0
0.306122,0,0.0,0,0.0,0,0.0,1,1.0
0.675926,0,0.0,0,0.0,0,0.0,2,1.0
0.437247,0,0.0,0,0.0,0,0.0,1,1.0
0.938053,0,0.0,0,0.0,0,0.0,3,1.0
0.946903,0,0.0,0,0.0,0,0.0,9,1.0
0.123596,0,0.0,0,0.0,0,0.0,3,1.0
0.95122,0,0.0,0,0.0,0,0.0,1,1.0
0.663968,0,0.0,0,0.0,0,0.0,1,1.0
0.377953,0,0.0,0,0.0,0,0.0,1,1.0
0.678261,0,0.0,0,0.0,0,0.0,1,1.0
0.568,0,0.0,0,0.0,0,0.0,1,1.0
0.528226,0,0.0,0,0.0,0,0.0,1,1.0
0.943396,0,0.0,0,0.0,0,0.0,6,1.0
0.977778,0,0.0,0,0.0,0,0.0,32,1.0
0.455056,0,0.0,0,0.0,0,0.0,1,1.0
0.0263158,0,0.0,0,0.0,0,0.0,3,0.6666666666666666
0.55618,0,0.0,0,0.0,0,0.0,2,1.0
0.0681818,0,0.0,0,0.0,0,0.0,6,1.0
0.0471698,0,0.0,0,0.0,0,0.0,1,0.0
0.765152,0,0.0,0,0.0,0,0.0,1,1.0
0.968254,0,0.0,0,0.0,0,0.0,3,1.0
0.305699,0,0.0,0,0.0,0,0.0,2,1.0
0.0594059,0,0.0,0,0.0,0,0.0,2,0.0
0.881356,0,0.0,0,0.0,0,0.0,1,1.0
0.793893,0,0.0,0,0.0,0,0.0,1,1.0
0.0232558,0,0.0,0,0.0,0,0.0,3,1.0
0.235955,0,0.0,0,0.0,0,0.0,1,1.0
0.356275,0,0.0,0,0.0,0,0.0,1,1.0
0.506073,0,0.0,0,0.0,0,0.0,1,1.0
0.0165289,0,0.0,0,0.0,0,0.0,1,1.0
0.452381,0,0.0,0,0.0,0,0.0,1,1.0
0.148936,0,0.0,0,0.0,0,0.0,1,1.0
0.938462,0,0.0,0,0.0,0,0.0,1,1.0
0.255319,0,0.0,0,0.0,0,0.0,1,1.0
0.626016,0,0.0,0,0.0,0,0.0,1,1.0
0.510417,0,0.0,0,0.0,0,0.0,2,1.0
0.544,0,0.0,0,0.0,0,0.0,1,1.0
0.796296,0,0.0,0,0.0,0,0.0,3,1.0
0.893333,0,0.0,0,0.0,0,0.0,1,1.0
0.196787,0,0.0,0,0.0,0,0.0,1,1.0
0.453441,0,0.0,0,0.0,0,0.0,1,1.0
0.297872,0,0.0,0,0.0,0,0.0,2,1.0
0.619433,0,0.0,0,0.0,0,0.0,1,1.0
0.779661,0,0.0,0,0.0,0,0.0,1,1.0
0.956522,0,0.0,0,0.0,0,0.0,4,1.0
0.025641,0,0.0,0,0.0,0,0.0,4,1.0
0.0810811,0,0.0,0,0.0,0,0.0,1,1.0
0.541833,0,0.0,0,0.0,0,0.0,1,1.0
0.240741,0,0.0,0,0.0,0,0.0,1,1.0
0.493976,0,0.0,0,0.0,0,0.0,1,1.0
0.627907,0,0.0,0,0.0,0,0.0,1,1.0
0.768519,0,0.0,0,0.0,0,0.0,3,1.0
0.859155,0,0.0,0,0.0,0,0.0,1,1.0
0.795455,0,0.0,0,0.0,0,0.0,1,1.0
0.691011,0,0.0,0,0.0,0,0.0,1,1.0
0.640449,0,0.0,0,0.0,0,0.0,1,1.0
0.427184,0,0.0,0,0.0,0,0.0,2,1.0
0.801527,0,0.0,0,0.0,0,0.0,1,1.0
0.324324,0,0.0,0,0.0,0,0.0,1,1.0
0.0849057,0,0.0,0,0.0,0,0.0,1,1.0
0.00909091,0,0.0,0,0.0,0,0.0,1,1.0
0.590674,0,0.0,0,0.0,0,0.0,1,1.0
0.505618,0,0.0,0,0.0,0,0.0,1,1.0
0.340081,0,0.0,0,0.0,0,0.0,1,1.0
0.433962,0,0.0,0,0.0,0,0.0,1,1.0
0.0078125,0,0.0,0,0.0,0,0.0,2,1.0
0.028,0,0.0,0,0.0,0,0.0,1,1.0
0.092,0,0.0,0,0.0,0,0.0,1,0.0
0.988095,0,0.0,0,0.0,0,0.0,3,1.0
0.100775,0,0.0,0,0.0,0,0.0,1,1.0
0.319588,0,0.0,0,0.0,0,0.0,1,1.0
0.0659341,0,0.0,0,0.0,0,0.0,1,1.0
0.519417,0,0.0,0,0.0,0,0.0,1,1.0
0.261194,0,0.0,0,0.0,0,0.0,1,1.0
0.629213,0,0.0,0,0.0,0,0.0,3,1.0
0.234742,0,0.0,0,0.0,0,0.0,1,1.0
0.314655,0,0.0,0,0.0,0,0.0,1,1.0
0.0105263,0,0.0,0,0.0,0,0.0,1,0.0
0.387097,0,0.0,0,0.0,0,0.0,5,1.0
0.0205128,0,0.0,0,0.0,0,0.0,1,1.0
0.0961538,0,0.0,0,0.0,0,0.0,1,1.0
0.463158,0,0.0,0,0.0,0,0.0,1,1.0
0.9625,0,0.0,0,0.0,0,0.0,1,1.0
0.629482,0,0.0,0,0.0,0,0.0,1,1.0
0.674242,0,0.0,0,0.0,0,0.0,1,1.0
0.0169492,0,0.0,0,0.0,0,0.0,3,1.0
0.489583,0,0.0,0,0.0,0,0.0,1,1.0
0.252066,0,0.0,0,0.0,0,0.0,1,1.0
0.983871,0,0.0,0,0.0,0,0.0,4,1.0
0.290909,0,0.0,0,0.0,0,0.0,1,1.0
0.293103,0,0.0,0,0.0,0,0.0,4,1.0
0.215139,0,0.0,0,0.0,0,0.0,1,1.0
0.238636,0,0.0,0,0.0,0,0.0,2,1.0
0.387931,0,0.0,0,0.0,0,0.0,1,1.0
0.12069,0,0.0,0,0.0,0,0.0,2,1.0
0.353933,0,0.0,0,0.0,0,0.0,1,1.0
0.593458,0,0.0,0,0.0,0,0.0,1,1.0
0.581731,0,0.0,0,0.0,0,0.0,1,1.0
0.824427,0,0.0,0,0.0,0,0.0,1,1.0
0.385827,0,0.0,0,0.0,0,0.0,1,1.0
0.330677,0,0.0,0,0.0,0,0.0,1,0.0
0.101852,0,0.0,0,0.0,0,0.0,1,1.0
0.0652174,0,0.0,0,0.0,0,0.0,2,1.0
0.288793,0,0.0,0,0.0,0,0.0,1,1.0
0.383838,0,0.0,0,0.0,0,0.0,2,1.0
0.569444,0,0.0,0,0.0,0,0.0,1,1.0
0.953125,0,0.0,0,0.0,0,0.0,1,1.0
0.309091,0,0.0,0,0.0,0,0.0,1,1.0
0.00398406,0,0.0,0,0.0,0,0.0,1,0.0
0.979167,0,0.0,0,0.0,0,0.0,13,1.0
0.639423,0,0.0,0,0.0,0,0.0,1,1.0
0.171717,0,0.0,0,0.0,0,0.0,1,1.0
0.235537,0,0.0,0,0.0,0,0.0,1,1.0
0.154639,0,0.0,0,0.0,0,0.0,1,1.0
0.461207,0,0.0,0,0.0,0,0.0,1,1.0
0.641026,0,0.0,0,0.0,0,0.0,1,1.0
0.811594,0,0.0,0,0.0,0,0.0,1,1.0
0.048,0,0.0,0,0.0,0,0.0,1,0.0
0.018018,0,0.0,0,0.0,0,0.0,1,1.0
0.693966,0,0.0,0,0.0,0,0.0,1,1.0
0.0892857,0,0.0,0,0.0,0,0.0,2,0.5
0.974359,0,0.0,0,0.0,0,0.0,11,1.0
0.494737,0,0.0,0,0.0,0,0.0,4,1.0
0.465863,0,0.0,0,0.0,0,0.0,1,1.0
0.87037,0,0.0,0,0.0,0,0.0,2,1.0
0.232558,0,0.0,0,0.0,0,0.0,1,1.0
0.850467,0,0.0,0,0.0,0,0.0,1,1.0
0.915254,0,0.0,0,0.0,0,0.0,2,1.0
0.490741,0,0.0,0,0.0,0,0.0,1,1.0
0.635514,0,0.0,0,0.0,0,0.0,1,1.0
0.352273,0,0.0,0,0.0,0,0.0,1,1.0
0.90566,0,0.0,0,0.0,0,0.0,1,1.0
0.616,0,0.0,0,0.0,0,0.0,1,1.0
0.309524,0,0.0,0,0.0,0,0.0,1,1.0
0.457447,0,0.0,0,0.0,0,0.0,1,1.0
0.25431,0,0.0,0,0.0,0,0.0,1,1.0
0.601626,0,0.0,0,0.0,0,0.0,1,1.0
0.979487,0,0.0,0,0.0,0,0.0,28,1.0
0.523316,0,0.0,0,0.0,0,0.0,1,1.0
0.173554,0,0.0,0,0.0,0,0.0,1,1.0
0.53629,0,0.0,0,0.0,0,0.0,1,1.0
0.528455,0,0.0,0,0.0,0,0.0,1,1.0
0.94,0,0.0,0,0.0,0,0.0,6,1.0
0.505155,0,0.0,0,0.0,0,0.0,1,1.0
0.356,0,0.0,0,0.0,0,0.0,1,0.0
0.978836,0,0.0,0,0.0,0,0.0,8,1.0
0.382022,0,0.0,0,0.0,0,0.0,1,1.0
0.393204,0,0.0,0,0.0,0,0.0,1,1.0
0.46,0,0.0,0,0.0,0,0.0,1,1.0
0.976471,0,0.0,0,0.0,0,0.0,1,1.0
0.0882353,0,0.0,0,0.0,0,0.0,1,1.0
0.328358,0,0.0,0,0.0,0,0.0,1,1.0
0.425532,0,0.0,0,0.0,0,0.0,1,1.0
0.0792079,0,0.0,0,0.0,0,0.0,1,0.0
0.536082,0,0.0,0,0.0,0,0.0,2,1.0
0.660377,0,0.0,0,0.0,0,0.0,1,1.0
0.592784,0,0.0,0,0.0,0,0.0,2,1.0
0.223404,0,0.0,0,0.0,0,0.0,1,1.0
0.230337,0,0.0,0,0.0,0,0.0,1,1.0
0.946237,0,0.0,0,0.0,0,0.0,2,1.0
0.233871,0,0.0,0,0.0,0,0.0,1,1.0
0.877863,0,0.0,0,0.0,0,0.0,1,1.0
0.183267,0,0.0,0,0.0,0,0.0,1,1.0
0.791045,0,0.0,0,0.0,0,0.0,1,1.0
0.301887,0,0.0,0,0.0,0,0.0,1,1.0
0.008,0,0.0,0,0.0,0,0.0,2,0.5
0.242991,0,0.0,0,0.0,0,0.0,1,1.0
0.446281,0,0.0,0,0.0,0,0.0,1,1.0
0.303371,0,0.0,0,0.0,0,0.0,2,1.0
0.248826,0,0.0,0,0.0,0,0.0,1,1.0
0.287037,0,0.0,0,0.0,0,0.0,2,1.0
0.323308,0,0.0,0,0.0,0,0.0,1,1.0
0.202128,0,0.0,0,0.0,0,0.0,2,1.0
0.261905,0,0.0,0,0.0,0,0.0,1,1.0
0.508772,0,0.0,0,0.0,0,0.0,1,1.0
0.900763,0,0.0,0,0.0,0,0.0,1,1.0
0.975904,0,0.0,0,0.0,0,0.0,3,1.0
0.274194,0,0.0,0,0.0,0,0.0,1,1.0
0.626168,0,0.0,0,0.0,0,0.0,1,1.0
0.469828,0,0.0,0,0.0,0,0.0,1,1.0
0.354331,0,0.0,0,0.0,0,0.0,1,1.0
0.0392157,0,0.0,0,0.0,0,0.0,2,1.0
0.956989,0,0.0,0,0.0,0,0.0,11,1.0
0.361111,0,0.0,0,0.0,0,0.0,1,1.0
0.223881,0,0.0,0,0.0,0,0.0,1,0.0
0.0517241,0,0.0,0,0.0,0,0.0,4,1.0
0.194444,0,0.0,0,0.0,0,0.0,2,1.0
0.520619,0,0.0,0,0.0,0,0.0,1,1.0
0.0619835,0,0.0,0,0.0,0,0.0,1,1.0
0.295455,0,0.0,0,0.0,0,0.0,1,1.0
0.502008,0,0.0,0,0.0,0,0.0,1,1.0
0.671642,0,0.0,0,0.0,0,0.0,1,1.0
0.521127,0,0.0,0,0.0,0,0.0,1,1.0
0.96087,0,0.0,0,0.0,0,0.0,1,1.0
0.293233,0,0.0,0,0.0,0,0.0,1,1.0
0.303922,0,0.0,0,0.0,0,0.0,1,1.0
0.634921,0,0.0,0,0.0,0,0.0,1,1.0
0.924528,0,0.0,0,0.0,0,0.0,2,1.0
