bcl2_pos	ced9_pos	close_pair
2	67	False
3	68	False
4	69	True
5	70	True
6	71	True
7	74	True
8	77	True
9	78	True
10	79	True
11	80	True
12	81	True
13	82	True
14	83	True
15	84	True
16	85	True
17	86	True
18	87	True
19	88	True
20	89	True
21	90	True
22	91	True
23	92	True
24	93	True
25	94	True
26	95	True
27	96	True
28	97	True
29	98	True
30	99	True
31	100	True
32	101	False
33	102	False
86	105	False
87	106	False
88	107	False
89	108	False
90	109	True
91	110	True
92	111	True
93	112	True
94	113	True
95	114	True
96	115	True
97	116	True
98	117	True
99	118	True
100	119	True
101	120	True
102	121	True
103	122	True
104	123	True
105	124	True
106	125	True
107	126	True
108	127	True
109	128	True
110	129	True
111	130	True
112	131	True
113	132	True
114	133	True
115	134	True
116	135	True
117	136	True
118	137	True
119	138	True
120	139	True
121	140	True
122	141	True
123	142	True
124	143	True
125	144	True
126	145	True
127	146	True
128	147	True
129	148	True
130	149	True
131	150	True
132	151	True
133	152	True
134	153	True
135	154	True
136	155	True
137	156	True
138	157	True
139	159	False
140	164	True
141	165	True
142	166	True
143	167	True
144	168	True
145	169	True
146	170	True
147	171	True
148	172	True
149	173	True
150	174	True
151	175	True
152	176	True
153	177	True
154	178	True
155	179	True
156	180	True
157	181	True
158	182	True
159	183	True
160	184	True
161	185	True
162	186	True
163	187	True
164	188	True
165	190	True
166	191	True
167	192	True
168	193	True
169	194	True
170	195	True
171	196	True
172	197	True
173	198	True
174	199	True
175	200	True
176	201	True
177	202	True
178	203	True
179	204	True
180	205	True
181	206	True
182	207	True
183	208	True
184	209	True
185	210	True
186	211	True
187	212	True
188	213	True
189	214	True
190	215	True
191	217	True
192	218	True
193	219	True
194	220	True
195	221	True
196	222	True
197	223	True
198	224	True
199	225	True
200	226	True
201	227	True
202	228	True
203	229	False
204	231	False
205	232	True
206	233	True
207	234	False
