species,mya,window,alphabet,n_pairs,n_cols,agree,expected,kappa_pooled,n_pairs_ge_50_cols,kappa_per_pair_mean,classes,C_pooled,C_per_pair_mean
mouse,100,flanks,dayhoff6,1347,24813,0.9248,0.2687,0.8972,,,6,1.3363,
mouse,100,flanks,gbmr4,1347,24813,0.9291,0.412,0.8794,,,4,1.6377,
mouse,100,flanks,gbmr7,1347,24813,0.8971,0.3197,0.8487,,,7,1.0452,
mouse,100,flanks,hp_kyte_doolittle2,1347,24813,0.9507,0.599,0.877,,,2,3.3278,
mouse,100,flanks,hp_lehninger2,1347,24813,0.9377,0.5036,0.8744,,,2,3.3021,
mouse,100,flanks,hp_lehninger_c_nonpolar2,1347,24813,0.9377,0.5016,0.875,,,2,3.3079,
mouse,100,flanks,hp_lehninger_hpc3,1347,24813,0.9357,0.4886,0.8742,,,3,2.0506,
mouse,100,flanks,hp_pbotc_1st_ed2,1347,24813,0.9458,0.519,0.8874,,,2,3.438,
mouse,100,flanks,hp_thomas_dill2,1347,24813,0.9502,0.579,0.8817,,,2,3.3764,
mouse,100,flanks,hp_thomas_dill_no_c2,1347,24813,0.9514,0.5907,0.8814,,,2,3.3729,
mouse,100,flanks,polarity4,1347,24813,0.9186,0.3147,0.8812,,,4,1.6473,
mouse,100,flanks,protein20,1347,24813,0.8531,0.0665,0.8427,,,20,0.6526,
mouse,100,flanks,sdm12,1347,24813,0.8786,0.1407,0.8587,,,12,0.834,
mouse,100,flanks,uniprot18,1347,24813,0.8539,0.0855,0.8403,,,18,0.6726,
mouse,100,flanks,wwmj5,1347,24813,0.9042,0.2215,0.877,,,5,1.3916,
mouse,100,motif,dayhoff6,1347,9651,0.9652,0.233,0.9546,,,6,1.7639,
mouse,100,motif,gbmr4,1347,9651,0.9696,0.399,0.9495,,,4,2.2152,
mouse,100,motif,gbmr7,1347,9651,0.9539,0.3688,0.927,,,7,1.3909,
mouse,100,motif,hp_kyte_doolittle2,1347,9651,0.9787,0.5761,0.9496,,,2,4.4765,
mouse,100,motif,hp_lehninger2,1347,9651,0.9745,0.5003,0.949,,,2,4.4593,
mouse,100,motif,hp_lehninger_c_nonpolar2,1347,9651,0.9747,0.5,0.9494,,,2,4.4709,
mouse,100,motif,hp_lehninger_hpc3,1347,9651,0.9735,0.4899,0.948,,,3,2.7804,
mouse,100,motif,hp_pbotc_1st_ed2,1347,9651,0.9776,0.5042,0.9549,,,2,4.6217,
mouse,100,motif,hp_thomas_dill2,1347,9651,0.9791,0.5451,0.954,,,2,4.5962,
mouse,100,motif,hp_thomas_dill_no_c2,1347,9651,0.9791,0.5516,0.9533,,,2,4.5772,
mouse,100,motif,polarity4,1347,9651,0.963,0.3178,0.9458,,,4,2.1673,
mouse,100,motif,protein20,1347,9651,0.9279,0.0644,0.9229,,,20,0.8778,
mouse,100,motif,sdm12,1347,9651,0.9462,0.1422,0.9373,,,12,1.1417,
mouse,100,motif,uniprot18,1347,9651,0.9281,0.0838,0.9215,,,18,0.9045,
mouse,100,motif,wwmj5,1347,9651,0.9577,0.232,0.945,,,5,1.8535,
mouse,100,rest,dayhoff6,1347,1024361,0.9316,0.2359,0.9104,1343,0.9133,6,1.4076,1.4245
mouse,100,rest,gbmr4,1347,1024361,0.9409,0.403,0.901,1343,0.9025,4,1.7668,1.7763
mouse,100,rest,gbmr7,1347,1024361,0.914,0.368,0.8639,1343,0.8673,7,1.0947,1.1067
mouse,100,rest,hp_kyte_doolittle2,1347,1024361,0.9593,0.5534,0.909,1343,0.9094,2,3.7065,3.713
mouse,100,rest,hp_lehninger2,1347,1024361,0.9477,0.5004,0.8954,1343,0.8974,2,3.5307,3.5552
mouse,100,rest,hp_lehninger_c_nonpolar2,1347,1024361,0.9474,0.5002,0.8948,1343,0.8968,2,3.5229,3.5476
mouse,100,rest,hp_lehninger_hpc3,1347,1024361,0.946,0.4779,0.8966,1343,0.8987,3,2.2087,2.2254
mouse,100,rest,hp_pbotc_1st_ed2,1347,1024361,0.9539,0.5065,0.9065,1343,0.9078,2,3.6732,3.6906
mouse,100,rest,hp_thomas_dill2,1347,1024361,0.9586,0.5329,0.9114,1343,0.9124,2,3.7407,3.7552
mouse,100,rest,hp_thomas_dill_no_c2,1347,1024361,0.9598,0.5458,0.9116,1343,0.9124,2,3.7441,3.7554
mouse,100,rest,polarity4,1347,1024361,0.927,0.3256,0.8917,1343,0.8947,4,1.7079,1.7264
mouse,100,rest,protein20,1347,1024361,0.8677,0.0602,0.8592,1343,0.8634,20,0.6874,0.6968
mouse,100,rest,sdm12,1347,1024361,0.8951,0.139,0.8781,1343,0.8811,12,0.8895,0.8986
mouse,100,rest,uniprot18,1347,1024361,0.8682,0.0748,0.8576,1343,0.8619,18,0.7098,0.7197
mouse,100,rest,wwmj5,1347,1024361,0.9175,0.2317,0.8927,1343,0.8948,5,1.4687,1.4798
chicken,300,flanks,dayhoff6,550,9899,0.8398,0.2615,0.7831,,,6,0.9596,
chicken,300,flanks,gbmr4,550,9899,0.8696,0.4374,0.7682,,,4,1.223,
chicken,300,flanks,gbmr7,550,9899,0.799,0.3182,0.7052,,,7,0.7381,
chicken,300,flanks,hp_kyte_doolittle2,550,9899,0.9062,0.6014,0.7646,,,2,2.5467,
chicken,300,flanks,hp_lehninger2,550,9899,0.8858,0.5101,0.767,,,2,2.5587,
chicken,300,flanks,hp_lehninger_c_nonpolar2,550,9899,0.8853,0.5063,0.7678,,,2,2.5627,
chicken,300,flanks,hp_lehninger_hpc3,550,9899,0.8817,0.4933,0.7665,,,3,1.5651,
chicken,300,flanks,hp_pbotc_1st_ed2,550,9899,0.8943,0.5255,0.7773,,,2,2.6117,
chicken,300,flanks,hp_thomas_dill2,550,9899,0.9051,0.5799,0.7742,,,2,2.5954,
chicken,300,flanks,hp_thomas_dill_no_c2,550,9899,0.9085,0.5925,0.7754,,,2,2.6018,
chicken,300,flanks,polarity4,550,9899,0.8398,0.3055,0.7693,,,4,1.2259,
chicken,300,flanks,protein20,550,9899,0.7102,0.066,0.6897,,,20,0.4422,
chicken,300,flanks,sdm12,550,9899,0.7617,0.1426,0.7221,,,12,0.5844,
chicken,300,flanks,uniprot18,550,9899,0.7121,0.083,0.686,,,18,0.4563,
chicken,300,flanks,wwmj5,550,9899,0.806,0.2271,0.7491,,,5,0.998,
chicken,300,motif,dayhoff6,550,3861,0.9093,0.2293,0.8824,,,6,1.2675,
chicken,300,motif,gbmr4,550,3861,0.9303,0.4042,0.8831,,,4,1.6579,
chicken,300,motif,gbmr7,550,3861,0.8948,0.3755,0.8316,,,7,0.9952,
chicken,300,motif,hp_kyte_doolittle2,550,3861,0.9435,0.5685,0.8692,,,2,3.2514,
chicken,300,motif,hp_lehninger2,550,3861,0.9332,0.5007,0.8662,,,2,3.2236,
chicken,300,motif,hp_lehninger_c_nonpolar2,550,3861,0.9321,0.5,0.8643,,,2,3.2063,
chicken,300,motif,hp_lehninger_hpc3,550,3861,0.9303,0.4856,0.8646,,,3,1.9914,
chicken,300,motif,hp_pbotc_1st_ed2,550,3861,0.9384,0.5048,0.8755,,,2,3.3131,
chicken,300,motif,hp_thomas_dill2,550,3861,0.9441,0.5404,0.8783,,,2,3.3411,
chicken,300,motif,hp_thomas_dill_no_c2,550,3861,0.9456,0.5493,0.8793,,,2,3.3516,
chicken,300,motif,polarity4,550,3861,0.9075,0.3151,0.865,,,4,1.565,
chicken,300,motif,protein20,550,3861,0.8384,0.0646,0.8272,,,20,0.6234,
chicken,300,motif,sdm12,550,3861,0.8744,0.1454,0.853,,,12,0.8193,
chicken,300,motif,uniprot18,550,3861,0.8399,0.0823,0.8256,,,18,0.6443,
chicken,300,motif,wwmj5,550,3861,0.8936,0.236,0.8607,,,5,1.3216,
chicken,300,rest,dayhoff6,550,363900,0.849,0.2292,0.8042,548,0.8173,6,1.0104,1.0452
chicken,300,rest,gbmr4,550,363900,0.8847,0.4183,0.8018,548,0.8099,4,1.321,1.3469
chicken,300,rest,gbmr7,550,363900,0.8259,0.3775,0.7203,548,0.7339,7,0.7621,0.7848
chicken,300,rest,hp_kyte_doolittle2,550,363900,0.915,0.5539,0.8095,548,0.8167,2,2.7961,2.8418
chicken,300,rest,hp_lehninger2,550,363900,0.8972,0.5021,0.7936,548,0.8019,2,2.7008,2.7496
chicken,300,rest,hp_lehninger_c_nonpolar2,550,363900,0.897,0.5002,0.7939,548,0.8024,2,2.7029,2.7524
chicken,300,rest,hp_lehninger_hpc3,550,363900,0.8932,0.4785,0.7953,548,0.804,3,1.6662,1.7
chicken,300,rest,hp_pbotc_1st_ed2,550,363900,0.9057,0.5089,0.808,548,0.8151,2,2.7866,2.8314
chicken,300,rest,hp_thomas_dill2,550,363900,0.9151,0.533,0.8183,548,0.8247,2,2.8522,2.8952
chicken,300,rest,hp_thomas_dill_no_c2,550,363900,0.9172,0.546,0.8176,548,0.8232,2,2.8475,2.8853
chicken,300,rest,polarity4,550,363900,0.8468,0.3145,0.7765,548,0.79,4,1.2456,1.2846
chicken,300,rest,protein20,550,363900,0.7311,0.0596,0.714,548,0.7287,20,0.4673,0.4835
chicken,300,rest,sdm12,550,363900,0.7878,0.1425,0.7525,548,0.7655,12,0.6268,0.6467
chicken,300,rest,uniprot18,550,363900,0.733,0.0736,0.7117,548,0.7265,18,0.4835,0.5002
chicken,300,rest,wwmj5,550,363900,0.8279,0.2363,0.7747,548,0.7868,5,1.0564,1.0865
zebrafish,430,flanks,dayhoff6,855,14614,0.7631,0.2604,0.6797,,,6,0.7686,
zebrafish,430,flanks,gbmr4,855,14614,0.8062,0.4199,0.6659,,,4,0.9987,
zebrafish,430,flanks,gbmr7,855,14614,0.7071,0.3181,0.5704,,,7,0.5684,
zebrafish,430,flanks,hp_kyte_doolittle2,855,14614,0.8616,0.5969,0.6566,,,2,2.1174,
zebrafish,430,flanks,hp_lehninger2,855,14614,0.8326,0.5056,0.6615,,,2,2.1335,
zebrafish,430,flanks,hp_lehninger_c_nonpolar2,855,14614,0.8322,0.5027,0.6626,,,2,2.1372,
zebrafish,430,flanks,hp_lehninger_hpc3,855,14614,0.8276,0.4884,0.6629,,,3,1.2883,
zebrafish,430,flanks,hp_pbotc_1st_ed2,855,14614,0.8467,0.5223,0.6791,,,2,2.1932,
zebrafish,430,flanks,hp_thomas_dill2,855,14614,0.8628,0.5759,0.6765,,,2,2.1841,
zebrafish,430,flanks,hp_thomas_dill_no_c2,855,14614,0.8661,0.5888,0.6743,,,2,2.1765,
zebrafish,430,flanks,polarity4,855,14614,0.753,0.3082,0.643,,,4,0.9585,
zebrafish,430,flanks,protein20,855,14614,0.5729,0.0645,0.5434,,,20,0.323,
zebrafish,430,flanks,sdm12,855,14614,0.6532,0.1385,0.5975,,,12,0.4495,
zebrafish,430,flanks,uniprot18,855,14614,0.5766,0.081,0.5392,,,18,0.3341,
zebrafish,430,flanks,wwmj5,855,14614,0.7093,0.2233,0.6258,,,5,0.784,
zebrafish,430,motif,dayhoff6,855,6041,0.8788,0.2301,0.8426,,,6,1.1199,
zebrafish,430,motif,gbmr4,855,6041,0.9047,0.4008,0.8409,,,4,1.4597,
zebrafish,430,motif,gbmr7,855,6041,0.8454,0.373,0.7534,,,7,0.8195,
zebrafish,430,motif,hp_kyte_doolittle2,855,6041,0.9263,0.5734,0.8273,,,2,2.9135,
zebrafish,430,motif,hp_lehninger2,855,6041,0.9161,0.5003,0.832,,,2,2.9467,
zebrafish,430,motif,hp_lehninger_c_nonpolar2,855,6041,0.9146,0.5,0.8292,,,2,2.9263,
zebrafish,430,motif,hp_lehninger_hpc3,855,6041,0.9126,0.4885,0.8291,,,3,1.8072,
zebrafish,430,motif,hp_pbotc_1st_ed2,855,6041,0.9209,0.5043,0.8404,,,2,3.0083,
zebrafish,430,motif,hp_thomas_dill2,855,6041,0.9277,0.543,0.8417,,,2,3.0183,
zebrafish,430,motif,hp_thomas_dill_no_c2,855,6041,0.9308,0.5502,0.8462,,,2,3.053,
zebrafish,430,motif,polarity4,855,6041,0.8754,0.3171,0.8175,,,4,1.3727,
zebrafish,430,motif,protein20,855,6041,0.7548,0.0635,0.7382,,,20,0.4946,
zebrafish,430,motif,sdm12,855,6041,0.8168,0.1404,0.7868,,,12,0.6817,
zebrafish,430,motif,uniprot18,855,6041,0.7568,0.0821,0.7351,,,18,0.5104,
zebrafish,430,motif,wwmj5,855,6041,0.8538,0.2323,0.8096,,,5,1.1485,
zebrafish,430,rest,dayhoff6,855,642426,0.7848,0.23,0.7205,854,0.7314,6,0.835,0.8545
zebrafish,430,rest,gbmr4,855,642426,0.8417,0.4068,0.7332,854,0.739,4,1.136,1.1497
zebrafish,430,rest,gbmr7,855,642426,0.7617,0.3716,0.6207,854,0.6275,7,0.6243,0.6325
zebrafish,430,rest,hp_kyte_doolittle2,855,642426,0.8802,0.5497,0.734,854,0.7368,2,2.4058,2.4181
zebrafish,430,rest,hp_lehninger2,855,642426,0.8568,0.5005,0.7133,854,0.7203,2,2.3204,2.3486
zebrafish,430,rest,hp_lehninger_c_nonpolar2,855,642426,0.8568,0.5001,0.7135,854,0.7211,2,2.321,2.3518
zebrafish,430,rest,hp_lehninger_hpc3,855,642426,0.8524,0.4752,0.7188,854,0.7244,3,1.4239,1.439
zebrafish,430,rest,hp_pbotc_1st_ed2,855,642426,0.8682,0.506,0.7333,854,0.7396,2,2.4029,2.4304
zebrafish,430,rest,hp_thomas_dill2,855,642426,0.8825,0.5286,0.7506,854,0.753,2,2.4802,2.4912
zebrafish,430,rest,hp_thomas_dill_no_c2,855,642426,0.8844,0.5423,0.7475,854,0.7495,2,2.4656,2.4749
zebrafish,430,rest,polarity4,855,642426,0.7793,0.3235,0.6738,854,0.6883,4,1.0131,1.0408
zebrafish,430,rest,protein20,855,642426,0.6213,0.059,0.5976,854,0.611,20,0.3621,0.3725
zebrafish,430,rest,sdm12,855,642426,0.7055,0.139,0.658,854,0.6676,12,0.5088,0.5192
zebrafish,430,rest,uniprot18,855,642426,0.6247,0.0724,0.5955,854,0.6087,18,0.3757,0.3863
zebrafish,430,rest,wwmj5,855,642426,0.7552,0.2357,0.6797,854,0.69,5,0.8669,0.8842
ciona,550,flanks,dayhoff6,325,4711,0.599,0.2598,0.4583,,,6,0.5146,
ciona,550,flanks,gbmr4,325,4711,0.7107,0.4271,0.495,,,4,0.7505,
ciona,550,flanks,gbmr7,325,4711,0.5782,0.3266,0.3737,,,7,0.3978,
ciona,550,flanks,hp_kyte_doolittle2,325,4711,0.7892,0.6022,0.4701,,,2,1.6482,
ciona,550,flanks,hp_lehninger2,325,4711,0.7298,0.5058,0.4532,,,2,1.6151,
ciona,550,flanks,hp_lehninger_c_nonpolar2,325,4711,0.7285,0.5038,0.4529,,,2,1.6144,
ciona,550,flanks,hp_lehninger_hpc3,325,4711,0.7241,0.4949,0.4536,,,3,0.9362,
ciona,550,flanks,hp_pbotc_1st_ed2,325,4711,0.7514,0.5247,0.4771,,,2,1.6621,
ciona,550,flanks,hp_thomas_dill2,325,4711,0.7845,0.5795,0.4877,,,2,1.6837,
ciona,550,flanks,hp_thomas_dill_no_c2,325,4711,0.7879,0.5876,0.4858,,,2,1.6798,
ciona,550,flanks,polarity4,325,4711,0.5859,0.3073,0.4022,,,4,0.65,
ciona,550,flanks,protein20,325,4711,0.3685,0.064,0.3254,,,20,0.1996,
ciona,550,flanks,sdm12,325,4711,0.4763,0.1402,0.391,,,12,0.2973,
ciona,550,flanks,uniprot18,325,4711,0.3749,0.0801,0.3204,,,18,0.2073,
ciona,550,flanks,wwmj5,325,4711,0.5566,0.2248,0.428,,,5,0.5599,
ciona,550,motif,dayhoff6,325,1873,0.6914,0.2245,0.6021,,,6,0.6635,
ciona,550,motif,gbmr4,325,1873,0.7977,0.4191,0.6517,,,4,0.9734,
ciona,550,motif,gbmr7,325,1873,0.6989,0.3885,0.5076,,,7,0.5069,
ciona,550,motif,hp_kyte_doolittle2,325,1873,0.842,0.5688,0.6335,,,2,2.0453,
ciona,550,motif,hp_lehninger2,325,1873,0.8115,0.5011,0.6223,,,2,2.0122,
ciona,550,motif,hp_lehninger_c_nonpolar2,325,1873,0.8089,0.5003,0.6175,,,2,1.9985,
ciona,550,motif,hp_lehninger_hpc3,325,1873,0.8046,0.4904,0.6166,,,3,1.1932,
ciona,550,motif,hp_pbotc_1st_ed2,325,1873,0.8211,0.5081,0.6364,,,2,2.0542,
ciona,550,motif,hp_thomas_dill2,325,1873,0.8446,0.5425,0.6604,,,2,2.1299,
ciona,550,motif,hp_thomas_dill_no_c2,325,1873,0.8484,0.5488,0.664,,,2,2.1417,
ciona,550,motif,polarity4,325,1873,0.7058,0.3115,0.5727,,,4,0.8504,
ciona,550,motif,protein20,325,1873,0.504,0.0606,0.472,,,20,0.2778,
ciona,550,motif,sdm12,325,1873,0.6054,0.1387,0.5419,,,12,0.4023,
ciona,550,motif,uniprot18,325,1873,0.5077,0.0729,0.469,,,18,0.2885,
ciona,550,motif,wwmj5,325,1873,0.6882,0.2409,0.5893,,,5,0.7347,
ciona,550,rest,dayhoff6,325,225009,0.6893,0.2247,0.5992,325,0.5991,6,0.66,0.6599
ciona,550,rest,gbmr4,325,225009,0.7945,0.4136,0.6496,325,0.6519,4,0.9697,0.9737
ciona,550,rest,gbmr7,325,225009,0.693,0.3841,0.5016,325,0.4977,7,0.5014,0.4979
ciona,550,rest,hp_kyte_doolittle2,325,225009,0.8395,0.5439,0.6482,325,0.6461,2,2.0906,2.0843
ciona,550,rest,hp_lehninger2,325,225009,0.8117,0.5005,0.6231,325,0.6262,2,2.0146,2.0237
ciona,550,rest,hp_lehninger_c_nonpolar2,325,225009,0.8129,0.5,0.6258,325,0.6285,2,2.0225,2.0304
ciona,550,rest,hp_lehninger_hpc3,325,225009,0.8053,0.476,0.6283,325,0.6287,3,1.2161,1.2169
ciona,550,rest,hp_pbotc_1st_ed2,325,225009,0.8275,0.5061,0.6509,325,0.6537,2,2.0991,2.1083
ciona,550,rest,hp_thomas_dill2,325,225009,0.8424,0.5245,0.6685,325,0.6685,2,2.1569,2.1569
ciona,550,rest,hp_thomas_dill_no_c2,325,225009,0.8433,0.5367,0.6619,325,0.6631,2,2.1348,2.1389
ciona,550,rest,polarity4,325,225009,0.6903,0.3207,0.544,325,0.5462,4,0.8115,0.8143
ciona,550,rest,protein20,325,225009,0.4919,0.0579,0.4607,325,0.4612,20,0.2711,0.2714
ciona,550,rest,sdm12,325,225009,0.6042,0.1394,0.5401,325,0.5405,12,0.4009,0.4012
ciona,550,rest,uniprot18,325,225009,0.4964,0.0699,0.4585,325,0.4589,18,0.2822,0.2824
ciona,550,rest,wwmj5,325,225009,0.6709,0.2387,0.5677,325,0.5695,5,0.7077,0.7098
fly,600,flanks,dayhoff6,284,4141,0.5846,0.2598,0.4388,,,6,0.4975,
fly,600,flanks,gbmr4,284,4141,0.7175,0.4452,0.4908,,,4,0.7456,
fly,600,flanks,gbmr7,284,4141,0.5892,0.3468,0.3711,,,7,0.3959,
fly,600,flanks,hp_kyte_doolittle2,284,4141,0.788,0.5996,0.4705,,,2,1.6489,
fly,600,flanks,hp_lehninger2,284,4141,0.7307,0.5083,0.4524,,,2,1.6136,
fly,600,flanks,hp_lehninger_c_nonpolar2,284,4141,0.7341,0.5059,0.4619,,,2,1.632,
fly,600,flanks,hp_lehninger_hpc3,284,4141,0.7271,0.497,0.4574,,,3,0.9412,
fly,600,flanks,hp_pbotc_1st_ed2,284,4141,0.7566,0.5256,0.4869,,,2,1.6821,
fly,600,flanks,hp_thomas_dill2,284,4141,0.7851,0.5763,0.4927,,,2,1.6942,
fly,600,flanks,hp_thomas_dill_no_c2,284,4141,0.7851,0.5844,0.4828,,,2,1.6738,
fly,600,flanks,polarity4,284,4141,0.5871,0.3027,0.4078,,,4,0.6557,
fly,600,flanks,protein20,284,4141,0.3678,0.065,0.3238,,,20,0.1989,
fly,600,flanks,sdm12,284,4141,0.4781,0.1461,0.3888,,,12,0.296,
fly,600,flanks,uniprot18,284,4141,0.3755,0.0807,0.3207,,,18,0.2074,
fly,600,flanks,wwmj5,284,4141,0.5504,0.2295,0.4164,,,5,0.5493,
fly,600,motif,dayhoff6,284,1775,0.6851,0.2315,0.5902,,,6,0.6493,
fly,600,motif,gbmr4,284,1775,0.7899,0.4159,0.6402,,,4,0.9538,
fly,600,motif,gbmr7,284,1775,0.6839,0.3918,0.4803,,,7,0.4826,
fly,600,motif,hp_kyte_doolittle2,284,1775,0.8361,0.5755,0.6138,,,2,1.9878,
fly,600,motif,hp_lehninger2,284,1775,0.8023,0.501,0.6037,,,2,1.9597,
fly,600,motif,hp_lehninger_c_nonpolar2,284,1775,0.8056,0.5003,0.611,,,2,1.9801,
fly,600,motif,hp_lehninger_hpc3,284,1775,0.7983,0.4906,0.6041,,,3,1.1696,
fly,600,motif,hp_pbotc_1st_ed2,284,1775,0.8175,0.5095,0.6279,,,2,2.0286,
fly,600,motif,hp_thomas_dill2,284,1775,0.8361,0.5456,0.6392,,,2,2.0628,
fly,600,motif,hp_thomas_dill_no_c2,284,1775,0.8338,0.5519,0.6291,,,2,2.0323,
fly,600,motif,polarity4,284,1775,0.6868,0.3103,0.5458,,,4,0.8139,
fly,600,motif,protein20,284,1775,0.493,0.0614,0.4598,,,20,0.2706,
fly,600,motif,sdm12,284,1775,0.5949,0.1419,0.5279,,,12,0.3914,
fly,600,motif,uniprot18,284,1775,0.4963,0.0756,0.4551,,,18,0.2801,
fly,600,motif,wwmj5,284,1775,0.6625,0.2332,0.5599,,,5,0.6983,
fly,600,rest,dayhoff6,284,218120,0.6603,0.2264,0.5609,283,0.5762,6,0.616,0.633
fly,600,rest,gbmr4,284,218120,0.7762,0.4193,0.6147,283,0.6299,4,0.9124,0.9368
fly,600,rest,gbmr7,284,218120,0.6733,0.3902,0.4642,283,0.4749,7,0.4688,0.4779
fly,600,rest,hp_kyte_doolittle2,284,218120,0.8211,0.5453,0.6067,283,0.6175,2,1.9679,1.9984
fly,600,rest,hp_lehninger2,284,218120,0.7924,0.5008,0.5841,283,0.5988,2,1.9072,1.9464
fly,600,rest,hp_lehninger_c_nonpolar2,284,218120,0.795,0.5,0.59,283,0.6049,2,1.9226,1.9629
fly,600,rest,hp_lehninger_hpc3,284,218120,0.7869,0.479,0.5911,283,0.6029,3,1.146,1.1675
fly,600,rest,hp_pbotc_1st_ed2,284,218120,0.8091,0.5068,0.6129,283,0.6266,2,1.9853,2.0249
fly,600,rest,hp_thomas_dill2,284,218120,0.8253,0.5251,0.6321,283,0.6425,2,2.0413,2.073
fly,600,rest,hp_thomas_dill_no_c2,284,218120,0.8247,0.5359,0.6223,283,0.6334,2,2.0124,2.0453
fly,600,rest,polarity4,284,218120,0.662,0.318,0.5045,283,0.5234,4,0.7618,0.785
fly,600,rest,protein20,284,218120,0.4541,0.0584,0.4202,283,0.4375,20,0.2483,0.2579
fly,600,rest,sdm12,284,218120,0.5708,0.1398,0.501,283,0.5164,12,0.371,0.3826
fly,600,rest,uniprot18,284,218120,0.4591,0.0705,0.4181,283,0.4351,18,0.2587,0.2684
fly,600,rest,wwmj5,284,218120,0.6414,0.2365,0.5304,283,0.5483,5,0.664,0.6845
worm,650,flanks,dayhoff6,251,3234,0.5442,0.2665,0.3786,,,6,0.4479,
worm,650,flanks,gbmr4,251,3234,0.6759,0.4337,0.4277,,,4,0.6761,
worm,650,flanks,gbmr7,251,3234,0.5405,0.3321,0.312,,,7,0.3545,
worm,650,flanks,hp_kyte_doolittle2,251,3234,0.7721,0.6028,0.4262,,,2,1.5647,
worm,650,flanks,hp_lehninger2,251,3234,0.7053,0.5058,0.4037,,,2,1.5246,
worm,650,flanks,hp_lehninger_c_nonpolar2,251,3234,0.7059,0.5043,0.4068,,,2,1.53,
worm,650,flanks,hp_lehninger_hpc3,251,3234,0.7013,0.4974,0.4057,,,3,0.8759,
worm,650,flanks,hp_pbotc_1st_ed2,251,3234,0.7344,0.5277,0.4376,,,2,1.5857,
worm,650,flanks,hp_thomas_dill2,251,3234,0.7675,0.5837,0.4414,,,2,1.5927,
worm,650,flanks,hp_thomas_dill_no_c2,251,3234,0.7681,0.5901,0.4342,,,2,1.5793,
worm,650,flanks,polarity4,251,3234,0.551,0.3081,0.3511,,,4,0.6011,
worm,650,flanks,protein20,251,3234,0.3253,0.0637,0.2794,,,20,0.1779,
worm,650,flanks,sdm12,251,3234,0.4276,0.1402,0.3344,,,12,0.2638,
worm,650,flanks,uniprot18,251,3234,0.333,0.0798,0.2752,,,18,0.1853,
worm,650,flanks,wwmj5,251,3234,0.5099,0.2203,0.3714,,,5,0.5099,
worm,650,motif,dayhoff6,251,1393,0.6339,0.2294,0.5249,,,6,0.5779,
worm,650,motif,gbmr4,251,1393,0.7538,0.4063,0.5852,,,4,0.8682,
worm,650,motif,gbmr7,251,1393,0.649,0.3873,0.427,,,7,0.4384,
worm,650,motif,hp_kyte_doolittle2,251,1393,0.8047,0.5766,0.5389,,,2,1.7958,
worm,650,motif,hp_lehninger2,251,1393,0.7631,0.5003,0.5259,,,2,1.7662,
worm,650,motif,hp_lehninger_c_nonpolar2,251,1393,0.7645,0.5,0.529,,,2,1.7732,
worm,650,motif,hp_lehninger_hpc3,251,1393,0.7588,0.4923,0.5249,,,3,1.0369,
worm,650,motif,hp_pbotc_1st_ed2,251,1393,0.7839,0.5067,0.5619,,,2,1.8509,
worm,650,motif,hp_thomas_dill2,251,1393,0.8191,0.5459,0.6016,,,2,1.9539,
worm,650,motif,hp_thomas_dill_no_c2,251,1393,0.8177,0.5509,0.594,,,2,1.9334,
worm,650,motif,polarity4,251,1393,0.6346,0.3144,0.467,,,4,0.7184,
worm,650,motif,protein20,251,1393,0.4279,0.0605,0.391,,,20,0.2327,
worm,650,motif,sdm12,251,1393,0.5348,0.1344,0.4626,,,12,0.3438,
worm,650,motif,uniprot18,251,1393,0.4358,0.0772,0.3885,,,18,0.2424,
worm,650,motif,wwmj5,251,1393,0.6131,0.2274,0.4992,,,5,0.6301,
worm,650,rest,dayhoff6,251,197181,0.6435,0.2224,0.5415,251,0.562,6,0.5951,0.6171
worm,650,rest,gbmr4,251,197181,0.7694,0.4174,0.6042,251,0.6255,4,0.8963,0.9296
worm,650,rest,gbmr7,251,197181,0.6702,0.4001,0.4502,251,0.4708,7,0.4571,0.4744
worm,650,rest,hp_kyte_doolittle2,251,197181,0.8152,0.5365,0.6013,251,0.6153,2,1.953,1.9923
worm,650,rest,hp_lehninger2,251,197181,0.7863,0.5002,0.5724,251,0.5903,2,1.877,1.9235
worm,650,rest,hp_lehninger_c_nonpolar2,251,197181,0.7897,0.5004,0.5791,251,0.5972,2,1.8943,1.9419
worm,650,rest,hp_lehninger_hpc3,251,197181,0.7802,0.4777,0.5793,251,0.5931,3,1.1252,1.1495
worm,650,rest,hp_pbotc_1st_ed2,251,197181,0.8027,0.5041,0.6021,251,0.6182,2,1.9552,2.0005
worm,650,rest,hp_thomas_dill2,251,197181,0.8195,0.5183,0.6253,251,0.6403,2,2.0212,2.0661
worm,650,rest,hp_thomas_dill_no_c2,251,197181,0.8182,0.5283,0.6145,251,0.6305,2,1.99,2.0365
worm,650,rest,polarity4,251,197181,0.6517,0.3227,0.4858,251,0.5065,4,0.7397,0.7643
worm,650,rest,protein20,251,197181,0.431,0.0578,0.3961,251,0.4203,20,0.2353,0.2483
worm,650,rest,sdm12,251,197181,0.5549,0.1408,0.482,251,0.5046,12,0.3573,0.3737
worm,650,rest,uniprot18,251,197181,0.4358,0.069,0.394,251,0.418,18,0.2454,0.2586
worm,650,rest,wwmj5,251,197181,0.633,0.2408,0.5165,251,0.5398,5,0.6487,0.6747
yeast,900,flanks,dayhoff6,121,1421,0.5327,0.2464,0.3799,,,6,0.4489,
yeast,900,flanks,gbmr4,121,1421,0.7108,0.4683,0.456,,,4,0.7062,
yeast,900,flanks,gbmr7,121,1421,0.5419,0.3778,0.2637,,,7,0.3227,
yeast,900,flanks,hp_kyte_doolittle2,121,1421,0.7614,0.5856,0.4244,,,2,1.5613,
yeast,900,flanks,hp_lehninger2,121,1421,0.7058,0.5103,0.3994,,,2,1.5171,
yeast,900,flanks,hp_lehninger_c_nonpolar2,121,1421,0.7164,0.5081,0.4235,,,2,1.5597,
yeast,900,flanks,hp_lehninger_hpc3,121,1421,0.7051,0.5011,0.4089,,,3,0.8798,
yeast,900,flanks,hp_pbotc_1st_ed2,121,1421,0.7438,0.5314,0.4533,,,2,1.6153,
yeast,900,flanks,hp_thomas_dill2,121,1421,0.7635,0.5662,0.4549,,,2,1.6185,
yeast,900,flanks,hp_thomas_dill_no_c2,121,1421,0.7544,0.5722,0.4259,,,2,1.5641,
yeast,900,flanks,polarity4,121,1421,0.5123,0.2938,0.3094,,,4,0.5639,
yeast,900,flanks,protein20,121,1421,0.2829,0.064,0.2338,,,20,0.1572,
yeast,900,flanks,sdm12,121,1421,0.4075,0.1472,0.3052,,,12,0.2474,
yeast,900,flanks,uniprot18,121,1421,0.2906,0.076,0.2323,,,18,0.1653,
yeast,900,flanks,wwmj5,121,1421,0.4982,0.2307,0.3478,,,5,0.4902,
yeast,900,motif,dayhoff6,121,692,0.6156,0.22,0.5072,,,6,0.5603,
yeast,900,motif,gbmr4,121,692,0.763,0.4278,0.5858,,,4,0.869,
yeast,900,motif,gbmr7,121,692,0.6676,0.4525,0.393,,,7,0.4121,
yeast,900,motif,hp_kyte_doolittle2,121,692,0.8121,0.5422,0.5896,,,2,1.9216,
yeast,900,motif,hp_lehninger2,121,692,0.7847,0.5,0.5694,,,2,1.8694,
yeast,900,motif,hp_lehninger_c_nonpolar2,121,692,0.7847,0.4997,0.5697,,,2,1.8701,
yeast,900,motif,hp_lehninger_hpc3,121,692,0.7818,0.4927,0.5699,,,3,1.1091,
yeast,900,motif,hp_pbotc_1st_ed2,121,692,0.802,0.5053,0.5998,,,2,1.949,
yeast,900,motif,hp_thomas_dill2,121,692,0.815,0.525,0.6106,,,2,1.9789,
yeast,900,motif,hp_thomas_dill_no_c2,121,692,0.815,0.5284,0.6078,,,2,1.9711,
yeast,900,motif,polarity4,121,692,0.6344,0.3072,0.4723,,,4,0.7243,
yeast,900,motif,protein20,121,692,0.3988,0.0628,0.3585,,,20,0.216,
yeast,900,motif,sdm12,121,692,0.5289,0.1522,0.4443,,,12,0.3314,
yeast,900,motif,uniprot18,121,692,0.4032,0.0766,0.3536,,,18,0.2241,
yeast,900,motif,wwmj5,121,692,0.6257,0.2435,0.5053,,,5,0.6365,
yeast,900,rest,dayhoff6,121,74688,0.5936,0.2224,0.4774,121,0.4909,6,0.5319,0.5446
yeast,900,rest,gbmr4,121,74688,0.7542,0.4325,0.5668,121,0.5755,4,0.8422,0.8543
yeast,900,rest,gbmr7,121,74688,0.6503,0.4308,0.3857,121,0.399,7,0.4067,0.4167
yeast,900,rest,hp_kyte_doolittle2,121,74688,0.7966,0.5396,0.5583,121,0.5635,2,1.8421,1.8549
yeast,900,rest,hp_lehninger2,121,74688,0.767,0.5007,0.5334,121,0.5389,2,1.7831,1.7958
yeast,900,rest,hp_lehninger_c_nonpolar2,121,74688,0.772,0.4999,0.5441,121,0.5495,2,1.8081,1.8207
yeast,900,rest,hp_lehninger_hpc3,121,74688,0.7607,0.4863,0.5342,121,0.54,3,1.0512,1.0604
yeast,900,rest,hp_pbotc_1st_ed2,121,74688,0.7872,0.5067,0.5687,121,0.5748,2,1.8678,1.8832
yeast,900,rest,hp_thomas_dill2,121,74688,0.8032,0.5206,0.5895,121,0.595,2,1.9213,1.936
yeast,900,rest,hp_thomas_dill_no_c2,121,74688,0.8005,0.5268,0.5783,121,0.5833,2,1.8921,1.905
yeast,900,rest,polarity4,121,74688,0.6057,0.3132,0.4259,121,0.4388,4,0.6742,0.6877
yeast,900,rest,protein20,121,74688,0.3778,0.06,0.338,121,0.3504,20,0.2058,0.2119
yeast,900,rest,sdm12,121,74688,0.5132,0.1511,0.4265,121,0.4375,12,0.3197,0.3269
yeast,900,rest,uniprot18,121,74688,0.3844,0.0712,0.3372,121,0.3495,18,0.2157,0.2219
yeast,900,rest,wwmj5,121,74688,0.5994,0.2454,0.4692,121,0.48,5,0.5994,0.6102
arabidopsis,1500,flanks,dayhoff6,138,1910,0.5482,0.2767,0.3753,,,6,0.4453,
arabidopsis,1500,flanks,gbmr4,138,1910,0.6738,0.4422,0.4153,,,4,0.6633,
arabidopsis,1500,flanks,gbmr7,138,1910,0.5089,0.3147,0.2833,,,7,0.3354,
arabidopsis,1500,flanks,hp_kyte_doolittle2,138,1910,0.7623,0.6124,0.3868,,,2,1.4956,
arabidopsis,1500,flanks,hp_lehninger2,138,1910,0.7199,0.5068,0.432,,,2,1.5753,
arabidopsis,1500,flanks,hp_lehninger_c_nonpolar2,138,1910,0.7241,0.5052,0.4424,,,2,1.5945,
arabidopsis,1500,flanks,hp_lehninger_hpc3,138,1910,0.7152,0.4987,0.4318,,,3,0.9081,
arabidopsis,1500,flanks,hp_pbotc_1st_ed2,138,1910,0.7529,0.5324,0.4715,,,2,1.651,
arabidopsis,1500,flanks,hp_thomas_dill2,138,1910,0.7665,0.5909,0.4292,,,2,1.5702,
arabidopsis,1500,flanks,hp_thomas_dill_no_c2,138,1910,0.7644,0.5972,0.415,,,2,1.5446,
arabidopsis,1500,flanks,polarity4,138,1910,0.5419,0.3056,0.3403,,,4,0.5912,
arabidopsis,1500,flanks,protein20,138,1910,0.3079,0.0683,0.2571,,,20,0.1677,
arabidopsis,1500,flanks,sdm12,138,1910,0.4052,0.1391,0.3091,,,12,0.2496,
arabidopsis,1500,flanks,uniprot18,138,1910,0.3162,0.0819,0.2553,,,18,0.1759,
arabidopsis,1500,flanks,wwmj5,138,1910,0.4963,0.2268,0.3486,,,5,0.4909,
arabidopsis,1500,motif,dayhoff6,138,722,0.626,0.2282,0.5155,,,6,0.5685,
arabidopsis,1500,motif,gbmr4,138,722,0.7701,0.4205,0.6032,,,4,0.8948,
arabidopsis,1500,motif,gbmr7,138,722,0.6717,0.384,0.4672,,,7,0.4713,
arabidopsis,1500,motif,hp_kyte_doolittle2,138,722,0.831,0.5829,0.5949,,,2,1.9357,
arabidopsis,1500,motif,hp_lehninger2,138,722,0.8006,0.5018,0.5997,,,2,1.9487,
arabidopsis,1500,motif,hp_lehninger_c_nonpolar2,138,722,0.7992,0.501,0.5975,,,2,1.9428,
arabidopsis,1500,motif,hp_lehninger_hpc3,138,722,0.7978,0.4952,0.5994,,,3,1.161,
arabidopsis,1500,motif,hp_pbotc_1st_ed2,138,722,0.8186,0.5123,0.6279,,,2,2.0289,
arabidopsis,1500,motif,hp_thomas_dill2,138,722,0.8407,0.5539,0.643,,,2,2.0744,
arabidopsis,1500,motif,hp_thomas_dill_no_c2,138,722,0.8421,0.558,0.6427,,,2,2.0737,
arabidopsis,1500,motif,polarity4,138,722,0.6385,0.3009,0.4829,,,4,0.7364,
arabidopsis,1500,motif,protein20,138,722,0.4363,0.0634,0.3982,,,20,0.2364,
arabidopsis,1500,motif,sdm12,138,722,0.5554,0.1371,0.4848,,,12,0.3593,
arabidopsis,1500,motif,uniprot18,138,722,0.4404,0.0778,0.3933,,,18,0.245,
arabidopsis,1500,motif,wwmj5,138,722,0.6177,0.2302,0.5034,,,5,0.6345,
arabidopsis,1500,rest,dayhoff6,138,88036,0.6082,0.2305,0.4909,138,0.5057,6,0.5445,0.5588
arabidopsis,1500,rest,gbmr4,138,88036,0.7437,0.4185,0.5591,138,0.5697,4,0.8316,0.8461
arabidopsis,1500,rest,gbmr7,138,88036,0.6388,0.404,0.394,138,0.41,7,0.4129,0.4251
arabidopsis,1500,rest,hp_kyte_doolittle2,138,88036,0.7996,0.5445,0.5601,138,0.5673,2,1.8464,1.8642
arabidopsis,1500,rest,hp_lehninger2,138,88036,0.7588,0.5001,0.5174,138,0.5308,2,1.7472,1.7771
arabidopsis,1500,rest,hp_lehninger_c_nonpolar2,138,88036,0.7624,0.5,0.5248,138,0.537,2,1.7637,1.7915
arabidopsis,1500,rest,hp_lehninger_hpc3,138,88036,0.7532,0.4868,0.5192,138,0.5316,3,1.0283,1.0472
arabidopsis,1500,rest,hp_pbotc_1st_ed2,138,88036,0.7818,0.5066,0.5577,138,0.5683,2,1.8407,1.8668
arabidopsis,1500,rest,hp_thomas_dill2,138,88036,0.8025,0.5252,0.5839,138,0.5931,2,1.9067,1.9309
arabidopsis,1500,rest,hp_thomas_dill_no_c2,138,88036,0.8005,0.5317,0.574,138,0.5842,2,1.881,1.9075
arabidopsis,1500,rest,polarity4,138,88036,0.6081,0.3227,0.4213,138,0.4391,4,0.6695,0.688
arabidopsis,1500,rest,protein20,138,88036,0.3842,0.0603,0.3447,138,0.3597,20,0.2091,0.2166
arabidopsis,1500,rest,sdm12,138,88036,0.5088,0.144,0.4262,138,0.4424,12,0.3195,0.3302
arabidopsis,1500,rest,uniprot18,138,88036,0.3904,0.0722,0.3429,138,0.3582,18,0.2186,0.2264
arabidopsis,1500,rest,wwmj5,138,88036,0.5883,0.2371,0.4603,138,0.4779,5,0.5907,0.6081
